grammar,A,a,Aa,aa,a.a,A.a,a.A,aa.a,aa.A,Aa.a,A.aa,a.aa,a.Aa,Aa.aa,aa.aa,aa.Aa,solution
1,(A),(a),(Aa),(aa),(a.a),(A.a),a.(A),(aa).a,aa.(A),(Aa).a,(A).aa,a.(aa),a.(Aa),(Aa).aa,(aa).aa,aa.(Aa),OT+HG
2,(A),(a),(Aa),(aa),(a.a),(A).a,a.(A),(aa).a,aa.(A),(Aa).a,(A).aa,a.(aa),a.(Aa),(Aa).aa,(aa).aa,aa.(Aa),OT+HG
3,(A),(aa),(Aa),(aa),(a.a),(A).a,a.(A),(aa).a,aa.(A),(Aa).a,(A).aa,a.(aa),a.(Aa),(Aa).aa,(aa).aa,aa.(Aa),OT+HG
4,(A),(aa),(Aa),(aa),(aa).a,(A).a,a.(A),(aa).a,aa.(A),(Aa).a,(A).aa,a.(aa),a.(Aa),(Aa).aa,(aa).aa,aa.(Aa),OT+HG
5,(A),(a),(Aa),(aa),(a.a),(A.a),a.(A),(aa).a,a.(Aa),(Aa).a,(A).aa,a.(aa),a.(Aa),(Aa).aa,(aa).aa,aa.(Aa),OT+HG
6,(A),(a),(Aa),(aa),(a.a),(A).a,a.(A),(aa).a,a.(Aa),(Aa).a,(A).aa,a.(aa),a.(Aa),(Aa).aa,(aa).aa,aa.(Aa),OT+HG
7,(A),(a),(Aa),(aa),(a.a),(A.a),a.(A),(aa).a,(aa).A,(Aa).a,A.(aa),a.(aa),a.(Aa),(Aa).aa,(aa).aa,aa.(Aa),OT+HG
8,(A),(a),(Aa),(aa),(a.a),(A).a,a.(A),(aa).a,(aa).A,(Aa).a,A.(aa),a.(aa),a.(Aa),(Aa).aa,(aa).aa,aa.(Aa),OT+HG
9,(A),(aa),(Aa),(aa),(a.a),(A).a,a.(A),(aa).a,(aa).A,(Aa).a,A.(aa),a.(aa),a.(Aa),(Aa).aa,(aa).aa,aa.(Aa),OT+HG
10,(A),(aa),(Aa),(aa),(aa).a,(A).a,a.(A),(aa).a,(aa).A,(Aa).a,A.(aa),a.(aa),a.(Aa),(Aa).aa,(aa).aa,aa.(Aa),OT+HG
11,(A),(a),(Aa),(aa),(a.a),(A.a),(a.a),(aa).a,(aa).A,(Aa).a,A.(aa),a.(aa),a.(Aa),(Aa).aa,(aa).aa,aa.(Aa),OT+HG
12,(Aa),(aa),(Aa),(aa),(a.a),(A.a),(a.a),(aa).a,(aa).A,(Aa).a,A.(aa),a.(aa),a.(Aa),(Aa).aa,(aa).aa,aa.(Aa),OT+HG
13,(Aa),(aa),(Aa),(aa),(a.a),(A.a),a.(Aa),(aa).a,(aa).A,(Aa).a,A.(aa),a.(aa),a.(Aa),(Aa).aa,(aa).aa,aa.(Aa),OT+HG
14,(Aa),(aa),(Aa),(aa),(aa).a,(Aa).a,a.(Aa),(aa).a,(aa).A,(Aa).a,A.(aa),a.(aa),a.(Aa),(Aa).aa,(aa).aa,aa.(Aa),OT+HG
15,(A),(a),(Aa),(aa),(a.a),(A.a),(A.a),(aa).a,(aa).A,(Aa).a,A.(aa),a.(aa),a.(Aa),(Aa).aa,(aa).aa,aa.(Aa),OT+HG
16,(Aa),(aa),(Aa),(aa),(a.a),(A.a),(A.a),(aa).a,(aa).A,(Aa).a,A.(aa),a.(aa),a.(Aa),(Aa).aa,(aa).aa,aa.(Aa),OT+HG
17,(A),(a),(Aa),(aa),(a.a),(A.a),a.(A),(aa).a,a.(Aa),(Aa).a,A.(aa),a.(aa),a.(Aa),(Aa).aa,(aa).aa,aa.(Aa),OT+HG
18,(A),(a),(Aa),(aa),(a.a),(A).a,a.(A),(aa).a,a.(Aa),(Aa).a,A.(aa),a.(aa),a.(Aa),(Aa).aa,(aa).aa,aa.(Aa),OT+HG
19,(A),(a),(Aa),(aa),(a.a),(A.a),(a.a),(aa).a,a.(Aa),(Aa).a,A.(aa),a.(aa),a.(Aa),(Aa).aa,(aa).aa,aa.(Aa),OT+HG
20,(Aa),(aa),(Aa),(aa),(a.a),(A.a),(a.a),(aa).a,a.(Aa),(Aa).a,A.(aa),a.(aa),a.(Aa),(Aa).aa,(aa).aa,aa.(Aa),OT+HG
21,(Aa),(aa),(Aa),(aa),(a.a),(A.a),a.(Aa),(aa).a,a.(Aa),(Aa).a,A.(aa),a.(aa),a.(Aa),(Aa).aa,(aa).aa,aa.(Aa),OT+HG
22,(Aa),(aa),(Aa),(aa),(aa).a,(Aa).a,a.(Aa),(aa).a,a.(Aa),(Aa).a,A.(aa),a.(aa),a.(Aa),(Aa).aa,(aa).aa,aa.(Aa),OT+HG
23,(A),(a),(Aa),(aa),(a.a),(A.a),(A.a),(aa).a,a.(Aa),(Aa).a,A.(aa),a.(aa),a.(Aa),(Aa).aa,(aa).aa,aa.(Aa),OT+HG
24,(Aa),(aa),(Aa),(aa),(a.a),(A.a),(A.a),(aa).a,a.(Aa),(Aa).a,A.(aa),a.(aa),a.(Aa),(Aa).aa,(aa).aa,aa.(Aa),OT+HG
25,(Aa),(aa),(Aa),(aa),(a.a),(A.a),a.(Aa),(aa).a,aa.(Aa),(Aa).a,(Aa).aa,a.(aa),a.(Aa),(Aa).aa,(aa).aa,aa.(Aa),OT+HG
26,(Aa),(aa),(Aa),(aa),(aa).a,(Aa).a,a.(Aa),(aa).a,aa.(Aa),(Aa).a,(Aa).aa,a.(aa),a.(Aa),(Aa).aa,(aa).aa,aa.(Aa),OT+HG
27,(Aa),(aa),(Aa),(aa),(aa).a,(Aa).a,a.(Aa),(aa).a,a.(Aa),(Aa).a,(Aa).aa,a.(aa),a.(Aa),(Aa).aa,(aa).aa,aa.(Aa),OT+HG
28,(A),(a),(Aa),(aa),(a.a),(A.a),a.(A),(aa).a,a.(Aa),(Aa).a,(A.a),a.(aa),a.(Aa),(Aa).aa,(aa).aa,aa.(Aa),OT+HG
29,(A),(a),(Aa),(aa),(a.a),(A.a),(a.a),(aa).a,a.(Aa),(Aa).a,(A.a),a.(aa),a.(Aa),(Aa).aa,(aa).aa,aa.(Aa),OT+HG
30,(Aa),(aa),(Aa),(aa),(a.a),(A.a),(a.a),(aa).a,a.(Aa),(Aa).a,(A.a),a.(aa),a.(Aa),(Aa).aa,(aa).aa,aa.(Aa),OT+HG
31,(Aa),(aa),(Aa),(aa),(a.a),(A.a),a.(Aa),(aa).a,a.(Aa),(Aa).a,(A.a),a.(aa),a.(Aa),(Aa).aa,(aa).aa,aa.(Aa),OT+HG
32,(A),(a),(Aa),(aa),(a.a),(A.a),(A.a),(aa).a,a.(Aa),(Aa).a,(A.a),a.(aa),a.(Aa),(Aa).aa,(aa).aa,aa.(Aa),OT+HG
33,(Aa),(aa),(Aa),(aa),(a.a),(A.a),(A.a),(aa).a,a.(Aa),(Aa).a,(A.a),a.(aa),a.(Aa),(Aa).aa,(aa).aa,aa.(Aa),OT+HG
34,(A),(a),(Aa),(aa),(a.a),(A.a),a.(A),(aa).a,a.(Aa),(Aa).a,a.(Aa),a.(aa),a.(Aa),(Aa).aa,(aa).aa,aa.(Aa),OT+HG
35,(A),(a),(Aa),(aa),(a.a),(A).a,a.(A),(aa).a,a.(Aa),(Aa).a,a.(Aa),a.(aa),a.(Aa),(Aa).aa,(aa).aa,aa.(Aa),OT+HG
36,(Aa),(aa),(Aa),(aa),(aa).a,(Aa).a,a.(Aa),(aa).a,a.(Aa),(Aa).a,a.(Aa),a.(aa),a.(Aa),(Aa).aa,(aa).aa,aa.(Aa),OT+HG
37,(A),(a),(Aa),(aa),(a.a),(A.a),(A.a),(aa).a,a.(Aa),(Aa).a,a.(Aa),a.(aa),a.(Aa),(Aa).aa,(aa).aa,aa.(Aa),OT+HG
38,(Aa),(aa),(Aa),(aa),(a.a),(A.a),(A.a),(aa).a,a.(Aa),(Aa).a,a.(Aa),a.(aa),a.(Aa),(Aa).aa,(aa).aa,aa.(Aa),OT+HG
39,(A),(a),(Aa),(aa),(a.a),(A.a),a.(A),(aa).a,(Aa).a,(Aa).a,a.(Aa),a.(aa),a.(Aa),(Aa).aa,(aa).aa,aa.(Aa),OT+HG
40,(A),(a),(Aa),(aa),(a.a),(A).a,a.(A),(aa).a,(Aa).a,(Aa).a,a.(Aa),a.(aa),a.(Aa),(Aa).aa,(aa).aa,aa.(Aa),OT+HG
41,(A),(aa),(Aa),(aa),(a.a),(A).a,a.(A),(aa).a,(Aa).a,(Aa).a,a.(Aa),a.(aa),a.(Aa),(Aa).aa,(aa).aa,aa.(Aa),OT+HG
42,(A),(aa),(Aa),(aa),(aa).a,(A).a,a.(A),(aa).a,(Aa).a,(Aa).a,a.(Aa),a.(aa),a.(Aa),(Aa).aa,(aa).aa,aa.(Aa),OT+HG
43,(Aa),(aa),(Aa),(aa),(a.a),(A.a),a.(Aa),(aa).a,(Aa).a,(Aa).a,a.(Aa),a.(aa),a.(Aa),(Aa).aa,(aa).aa,aa.(Aa),OT+HG
44,(Aa),(aa),(Aa),(aa),(aa).a,(Aa).a,a.(Aa),(aa).a,(Aa).a,(Aa).a,a.(Aa),a.(aa),a.(Aa),(Aa).aa,(aa).aa,aa.(Aa),OT+HG
45,(A),(a),(Aa),(aa),(a.a),(A.a),(A.a),(aa).a,(Aa).a,(Aa).a,a.(Aa),a.(aa),a.(Aa),(Aa).aa,(aa).aa,aa.(Aa),OT+HG
46,(Aa),(aa),(Aa),(aa),(a.a),(A.a),(A.a),(aa).a,(Aa).a,(Aa).a,a.(Aa),a.(aa),a.(Aa),(Aa).aa,(aa).aa,aa.(Aa),OT+HG
47,(A),(a),(Aa),(aa),(a.a),(A).a,a.(A),(aa).a,aa.(A),aa.(A),(A).aa,a.(aa),(A).aa,(Aa).aa,(aa).aa,aa.(Aa),OT+HG
48,(A),(aa),(Aa),(aa),(a.a),(A).a,a.(A),(aa).a,aa.(A),aa.(A),(A).aa,a.(aa),(A).aa,(Aa).aa,(aa).aa,aa.(Aa),OT+HG
49,(A),(aa),(Aa),(aa),(aa).a,(A).a,a.(A),(aa).a,aa.(A),aa.(A),(A).aa,a.(aa),(A).aa,(Aa).aa,(aa).aa,aa.(Aa),OT+HG
50,(A),(A),(Aa),(Aa),(A.a),(A.a),a.(A),(Aa).a,aa.(A),(Aa).a,(A).aa,a.(Aa),a.(Aa),(Aa).aa,(Aa).aa,aa.(Aa),OT+HG
51,(A),(A),(Aa),(Aa),(A).a,(A).a,a.(A),(Aa).a,aa.(A),(Aa).a,(A).aa,a.(Aa),a.(Aa),(Aa).aa,(Aa).aa,aa.(Aa),OT+HG
52,(A),(A),(Aa),(Aa),(A.a),(A.a),a.(A),(Aa).a,a.(Aa),(Aa).a,(A).aa,a.(Aa),a.(Aa),(Aa).aa,(Aa).aa,aa.(Aa),OT+HG
53,(A),(A),(Aa),(Aa),(A).a,(A).a,a.(A),(Aa).a,a.(Aa),(Aa).a,(A).aa,a.(Aa),a.(Aa),(Aa).aa,(Aa).aa,aa.(Aa),OT+HG
54,(A),(A),(Aa),(Aa),(A.a),(A.a),a.(A),(Aa).a,(aa).A,(Aa).a,A.(aa),a.(Aa),a.(Aa),(Aa).aa,(Aa).aa,aa.(Aa),OT+HG
55,(A),(A),(Aa),(Aa),(A).a,(A).a,a.(A),(Aa).a,(aa).A,(Aa).a,A.(aa),a.(Aa),a.(Aa),(Aa).aa,(Aa).aa,aa.(Aa),OT+HG
56,(A),(A),(Aa),(Aa),(A.a),(A.a),(a.a),(Aa).a,(aa).A,(Aa).a,A.(aa),a.(Aa),a.(Aa),(Aa).aa,(Aa).aa,aa.(Aa),OT+HG
57,(Aa),(Aa),(Aa),(Aa),(A.a),(A.a),(a.a),(Aa).a,(aa).A,(Aa).a,A.(aa),a.(Aa),a.(Aa),(Aa).aa,(Aa).aa,aa.(Aa),OT+HG
58,(Aa),(Aa),(Aa),(Aa),(A.a),(A.a),a.(Aa),(Aa).a,(aa).A,(Aa).a,A.(aa),a.(Aa),a.(Aa),(Aa).aa,(Aa).aa,aa.(Aa),OT+HG
59,(Aa),(Aa),(Aa),(Aa),(Aa).a,(Aa).a,a.(Aa),(Aa).a,(aa).A,(Aa).a,A.(aa),a.(Aa),a.(Aa),(Aa).aa,(Aa).aa,aa.(Aa),OT+HG
60,(A),(A),(Aa),(Aa),(A.a),(A.a),(A.a),(Aa).a,(aa).A,(Aa).a,A.(aa),a.(Aa),a.(Aa),(Aa).aa,(Aa).aa,aa.(Aa),OT+HG
61,(Aa),(Aa),(Aa),(Aa),(A.a),(A.a),(A.a),(Aa).a,(aa).A,(Aa).a,A.(aa),a.(Aa),a.(Aa),(Aa).aa,(Aa).aa,aa.(Aa),OT+HG
62,(A),(A),(Aa),(Aa),(A.a),(A.a),a.(A),(Aa).a,a.(Aa),(Aa).a,A.(aa),a.(Aa),a.(Aa),(Aa).aa,(Aa).aa,aa.(Aa),OT+HG
63,(A),(A),(Aa),(Aa),(A).a,(A).a,a.(A),(Aa).a,a.(Aa),(Aa).a,A.(aa),a.(Aa),a.(Aa),(Aa).aa,(Aa).aa,aa.(Aa),OT+HG
64,(A),(A),(Aa),(Aa),(A.a),(A.a),(a.a),(Aa).a,a.(Aa),(Aa).a,A.(aa),a.(Aa),a.(Aa),(Aa).aa,(Aa).aa,aa.(Aa),OT+HG
65,(Aa),(Aa),(Aa),(Aa),(A.a),(A.a),(a.a),(Aa).a,a.(Aa),(Aa).a,A.(aa),a.(Aa),a.(Aa),(Aa).aa,(Aa).aa,aa.(Aa),OT+HG
66,(Aa),(Aa),(Aa),(Aa),(A.a),(A.a),a.(Aa),(Aa).a,a.(Aa),(Aa).a,A.(aa),a.(Aa),a.(Aa),(Aa).aa,(Aa).aa,aa.(Aa),OT+HG
67,(Aa),(Aa),(Aa),(Aa),(Aa).a,(Aa).a,a.(Aa),(Aa).a,a.(Aa),(Aa).a,A.(aa),a.(Aa),a.(Aa),(Aa).aa,(Aa).aa,aa.(Aa),OT+HG
68,(A),(A),(Aa),(Aa),(A.a),(A.a),(A.a),(Aa).a,a.(Aa),(Aa).a,A.(aa),a.(Aa),a.(Aa),(Aa).aa,(Aa).aa,aa.(Aa),OT+HG
69,(Aa),(Aa),(Aa),(Aa),(A.a),(A.a),(A.a),(Aa).a,a.(Aa),(Aa).a,A.(aa),a.(Aa),a.(Aa),(Aa).aa,(Aa).aa,aa.(Aa),OT+HG
70,(Aa),(Aa),(Aa),(Aa),(A.a),(A.a),a.(Aa),(Aa).a,aa.(Aa),(Aa).a,(Aa).aa,a.(Aa),a.(Aa),(Aa).aa,(Aa).aa,aa.(Aa),OT+HG
71,(Aa),(Aa),(Aa),(Aa),(Aa).a,(Aa).a,a.(Aa),(Aa).a,aa.(Aa),(Aa).a,(Aa).aa,a.(Aa),a.(Aa),(Aa).aa,(Aa).aa,aa.(Aa),OT+HG
72,(Aa),(Aa),(Aa),(Aa),(Aa).a,(Aa).a,a.(Aa),(Aa).a,a.(Aa),(Aa).a,(Aa).aa,a.(Aa),a.(Aa),(Aa).aa,(Aa).aa,aa.(Aa),OT+HG
73,(A),(A),(Aa),(Aa),(A.a),(A.a),a.(A),(Aa).a,a.(Aa),(Aa).a,(A.a),a.(Aa),a.(Aa),(Aa).aa,(Aa).aa,aa.(Aa),OT+HG
74,(A),(A),(Aa),(Aa),(A.a),(A.a),(a.a),(Aa).a,a.(Aa),(Aa).a,(A.a),a.(Aa),a.(Aa),(Aa).aa,(Aa).aa,aa.(Aa),OT+HG
75,(Aa),(Aa),(Aa),(Aa),(A.a),(A.a),(a.a),(Aa).a,a.(Aa),(Aa).a,(A.a),a.(Aa),a.(Aa),(Aa).aa,(Aa).aa,aa.(Aa),OT+HG
76,(Aa),(Aa),(Aa),(Aa),(A.a),(A.a),a.(Aa),(Aa).a,a.(Aa),(Aa).a,(A.a),a.(Aa),a.(Aa),(Aa).aa,(Aa).aa,aa.(Aa),OT+HG
77,(A),(A),(Aa),(Aa),(A.a),(A.a),(A.a),(Aa).a,a.(Aa),(Aa).a,(A.a),a.(Aa),a.(Aa),(Aa).aa,(Aa).aa,aa.(Aa),OT+HG
78,(Aa),(Aa),(Aa),(Aa),(A.a),(A.a),(A.a),(Aa).a,a.(Aa),(Aa).a,(A.a),a.(Aa),a.(Aa),(Aa).aa,(Aa).aa,aa.(Aa),OT+HG
79,(A),(A),(Aa),(Aa),(A.a),(A.a),a.(A),(Aa).a,a.(Aa),(Aa).a,a.(Aa),a.(Aa),a.(Aa),(Aa).aa,(Aa).aa,aa.(Aa),OT+HG
80,(A),(A),(Aa),(Aa),(A).a,(A).a,a.(A),(Aa).a,a.(Aa),(Aa).a,a.(Aa),a.(Aa),a.(Aa),(Aa).aa,(Aa).aa,aa.(Aa),OT+HG
81,(Aa),(Aa),(Aa),(Aa),(Aa).a,(Aa).a,a.(Aa),(Aa).a,a.(Aa),(Aa).a,a.(Aa),a.(Aa),a.(Aa),(Aa).aa,(Aa).aa,aa.(Aa),OT+HG
82,(A),(A),(Aa),(Aa),(A.a),(A.a),(A.a),(Aa).a,a.(Aa),(Aa).a,a.(Aa),a.(Aa),a.(Aa),(Aa).aa,(Aa).aa,aa.(Aa),OT+HG
83,(Aa),(Aa),(Aa),(Aa),(A.a),(A.a),(A.a),(Aa).a,a.(Aa),(Aa).a,a.(Aa),a.(Aa),a.(Aa),(Aa).aa,(Aa).aa,aa.(Aa),OT+HG
84,(A),(A),(Aa),(Aa),(A.a),(A.a),a.(A),(Aa).a,(Aa).a,(Aa).a,a.(Aa),a.(Aa),a.(Aa),(Aa).aa,(Aa).aa,aa.(Aa),OT+HG
85,(A),(A),(Aa),(Aa),(A).a,(A).a,a.(A),(Aa).a,(Aa).a,(Aa).a,a.(Aa),a.(Aa),a.(Aa),(Aa).aa,(Aa).aa,aa.(Aa),OT+HG
86,(Aa),(Aa),(Aa),(Aa),(A.a),(A.a),a.(Aa),(Aa).a,(Aa).a,(Aa).a,a.(Aa),a.(Aa),a.(Aa),(Aa).aa,(Aa).aa,aa.(Aa),OT+HG
87,(Aa),(Aa),(Aa),(Aa),(Aa).a,(Aa).a,a.(Aa),(Aa).a,(Aa).a,(Aa).a,a.(Aa),a.(Aa),a.(Aa),(Aa).aa,(Aa).aa,aa.(Aa),OT+HG
88,(A),(A),(Aa),(Aa),(A.a),(A.a),(A.a),(Aa).a,(Aa).a,(Aa).a,a.(Aa),a.(Aa),a.(Aa),(Aa).aa,(Aa).aa,aa.(Aa),OT+HG
89,(Aa),(Aa),(Aa),(Aa),(A.a),(A.a),(A.a),(Aa).a,(Aa).a,(Aa).a,a.(Aa),a.(Aa),a.(Aa),(Aa).aa,(Aa).aa,aa.(Aa),OT+HG
90,(A),(A),(Aa),(Aa),(A).a,(A).a,a.(A),aa.(A),aa.(A),(Aa).a,(A).aa,(A).aa,a.(Aa),(Aa).aa,(Aa).aa,aa.(Aa),OT+HG
91,(A),(A),(Aa),(Aa),(A).a,(A).a,a.(A),aa.(A),aa.(A),aa.(A),(A).aa,(A).aa,(A).aa,(Aa).aa,(Aa).aa,aa.(Aa),OT+HG
92,(A),(a),(Aa),(aa),(a.a),(A.a),a.(A),(aa).a,(aa).A,(Aa).a,A.(aa),a.(aa),a.(Aa),Aa.(aa),(aa).aa,(aa).Aa,OT+HG
93,(A),(A),(Aa),(aa),(a.a),(A.a),a.(A),(aa).a,(aa).A,(Aa).a,A.(aa),a.(aa),a.(Aa),Aa.(aa),(aa).aa,(aa).Aa,OT+HG
94,(A),(a),(Aa),(aa),(a.a),(A).a,a.(A),(aa).a,(aa).A,(Aa).a,A.(aa),a.(aa),a.(Aa),Aa.(aa),(aa).aa,(aa).Aa,OT+HG
95,(A),(A),(Aa),(aa),(a.a),(A).a,a.(A),(aa).a,(aa).A,(Aa).a,A.(aa),a.(aa),a.(Aa),Aa.(aa),(aa).aa,(aa).Aa,OT+HG
96,(A),(aa),(Aa),(aa),(a.a),(A).a,a.(A),(aa).a,(aa).A,(Aa).a,A.(aa),a.(aa),a.(Aa),Aa.(aa),(aa).aa,(aa).Aa,OT+HG
97,(A),(A),(Aa),(aa),(A).a,(A).a,a.(A),(aa).a,(aa).A,(Aa).a,A.(aa),a.(aa),a.(Aa),Aa.(aa),(aa).aa,(aa).Aa,OT+HG
98,(A),(aa),(Aa),(aa),(aa).a,(A).a,a.(A),(aa).a,(aa).A,(Aa).a,A.(aa),a.(aa),a.(Aa),Aa.(aa),(aa).aa,(aa).Aa,OT+HG
99,(A),(a),(Aa),(aa),(a.a),(A.a),(a.a),(aa).a,(aa).A,(Aa).a,A.(aa),a.(aa),a.(Aa),Aa.(aa),(aa).aa,(aa).Aa,OT+HG
100,(A),(A),(Aa),(aa),(a.a),(A.a),(a.a),(aa).a,(aa).A,(Aa).a,A.(aa),a.(aa),a.(Aa),Aa.(aa),(aa).aa,(aa).Aa,OT+HG
101,(Aa),(aa),(Aa),(aa),(a.a),(A.a),(a.a),(aa).a,(aa).A,(Aa).a,A.(aa),a.(aa),a.(Aa),Aa.(aa),(aa).aa,(aa).Aa,OT+HG
102,(Aa),(aa),(Aa),(aa),(a.a),(A.a),(aa).A,(aa).a,(aa).A,(Aa).a,A.(aa),a.(aa),a.(Aa),Aa.(aa),(aa).aa,(aa).Aa,OT+HG
103,(A),(aa),(Aa),(aa),(a.a),A.(aa),(aa).A,(aa).a,(aa).A,(Aa).a,A.(aa),a.(aa),a.(Aa),Aa.(aa),(aa).aa,(aa).Aa,OT+HG
104,(Aa),(aa),(Aa),(aa),(a.a),A.(aa),(aa).A,(aa).a,(aa).A,(Aa).a,A.(aa),a.(aa),a.(Aa),Aa.(aa),(aa).aa,(aa).Aa,OT+HG
105,(A),(aa),(Aa),(aa),(aa).a,A.(aa),(aa).A,(aa).a,(aa).A,(Aa).a,A.(aa),a.(aa),a.(Aa),Aa.(aa),(aa).aa,(aa).Aa,OT+HG
106,(Aa),(aa),(Aa),(aa),(aa).a,A.(aa),(aa).A,(aa).a,(aa).A,(Aa).a,A.(aa),a.(aa),a.(Aa),Aa.(aa),(aa).aa,(aa).Aa,OT+HG
107,(A),(a),(Aa),(aa),(a.a),(A.a),(A.a),(aa).a,(aa).A,(Aa).a,A.(aa),a.(aa),a.(Aa),Aa.(aa),(aa).aa,(aa).Aa,OT+HG
108,(A),(A),(Aa),(aa),(a.a),(A.a),(A.a),(aa).a,(aa).A,(Aa).a,A.(aa),a.(aa),a.(Aa),Aa.(aa),(aa).aa,(aa).Aa,OT+HG
109,(Aa),(aa),(Aa),(aa),(a.a),(A.a),(A.a),(aa).a,(aa).A,(Aa).a,A.(aa),a.(aa),a.(Aa),Aa.(aa),(aa).aa,(aa).Aa,OT+HG
110,(A),(a),(Aa),(aa),(a.a),(A).a,a.(A),(aa).a,aa.(A),Aa.(a),(A).aa,a.(aa),(a).Aa,Aa.(aa),(aa).aa,(aa).Aa,OT+HG
111,(A),(a),(aa),(aa),(a.a),(A).a,a.(A),(aa).a,aa.(A),Aa.(a),(A).aa,a.(aa),(a).Aa,Aa.(aa),(aa).aa,(aa).Aa,OT+HG
112,(A),(a),(A),(aa),(a.a),(A).a,a.(A),(aa).a,aa.(A),Aa.(a),(A).aa,a.(aa),(a).Aa,Aa.(aa),(aa).aa,(aa).Aa,OT+HG
113,(A),(a),(Aa),(aa),(a.a),(A).a,a.(A),(aa).a,(aa).A,Aa.(a),A.(aa),a.(aa),(a).Aa,Aa.(aa),(aa).aa,(aa).Aa,OT+HG
114,(A),(A),(Aa),(aa),(a.a),(A).a,a.(A),(aa).a,(aa).A,Aa.(a),A.(aa),a.(aa),(a).Aa,Aa.(aa),(aa).aa,(aa).Aa,OT+HG
115,(A),(a),(aa),(aa),(a.a),(A).a,a.(A),(aa).a,(aa).A,Aa.(a),A.(aa),a.(aa),(a).Aa,Aa.(aa),(aa).aa,(aa).Aa,OT+HG
116,(A),(A),(aa),(aa),(a.a),(A).a,a.(A),(aa).a,(aa).A,Aa.(a),A.(aa),a.(aa),(a).Aa,Aa.(aa),(aa).aa,(aa).Aa,OT+HG
117,(A),(a),(A),(aa),(a.a),(A).a,a.(A),(aa).a,(aa).A,Aa.(a),A.(aa),a.(aa),(a).Aa,Aa.(aa),(aa).aa,(aa).Aa,OT+HG
118,(A),(A),(A),(aa),(a.a),(A).a,a.(A),(aa).a,(aa).A,Aa.(a),A.(aa),a.(aa),(a).Aa,Aa.(aa),(aa).aa,(aa).Aa,OT+HG
119,(A),(A),(Aa),(aa),(A).a,(A).a,a.(A),(aa).a,(aa).A,Aa.(a),A.(aa),a.(aa),(a).Aa,Aa.(aa),(aa).aa,(aa).Aa,OT+HG
120,(A),(A),(aa),(aa),(A).a,(A).a,a.(A),(aa).a,(aa).A,Aa.(a),A.(aa),a.(aa),(a).Aa,Aa.(aa),(aa).aa,(aa).Aa,OT+HG
121,(A),(A),(A),(aa),(A).a,(A).a,a.(A),(aa).a,(aa).A,Aa.(a),A.(aa),a.(aa),(a).Aa,Aa.(aa),(aa).aa,(aa).Aa,OT+HG
122,(A),(A),(Aa),(aa),(A).a,(A).a,a.(A),aa.(A),aa.(A),Aa.(a),(A).aa,(A).aa,(a).Aa,Aa.(aa),(aa).aa,(aa).Aa,OT+HG
123,(A),(A),(aa),(aa),(A).a,(A).a,a.(A),aa.(A),aa.(A),Aa.(a),(A).aa,(A).aa,(a).Aa,Aa.(aa),(aa).aa,(aa).Aa,OT+HG
124,(A),(A),(A),(aa),(A).a,(A).a,a.(A),aa.(A),aa.(A),Aa.(a),(A).aa,(A).aa,(a).Aa,Aa.(aa),(aa).aa,(aa).Aa,OT+HG
125,(A),(a),(aa),(aa),(a.a),(A).a,a.(A),(aa).a,aa.(A),(aa).a,(A).aa,a.(aa),a.(aa),Aa.(aa),(aa).aa,(aa).Aa,OT+HG
126,(A),(aa),(aa),(aa),(a.a),(A).a,a.(A),(aa).a,aa.(A),(aa).a,(A).aa,a.(aa),a.(aa),Aa.(aa),(aa).aa,(aa).Aa,OT+HG
127,(A),(aa),(aa),(aa),(aa).a,(A).a,a.(A),(aa).a,aa.(A),(aa).a,(A).aa,a.(aa),a.(aa),Aa.(aa),(aa).aa,(aa).Aa,OT+HG
128,(A),(a),(aa),(aa),(a.a),(A).a,a.(A),(aa).a,(aa).A,(aa).a,A.(aa),a.(aa),a.(aa),Aa.(aa),(aa).aa,(aa).Aa,OT+HG
129,(A),(A),(aa),(aa),(a.a),(A).a,a.(A),(aa).a,(aa).A,(aa).a,A.(aa),a.(aa),a.(aa),Aa.(aa),(aa).aa,(aa).Aa,OT+HG
130,(A),(aa),(aa),(aa),(a.a),(A).a,a.(A),(aa).a,(aa).A,(aa).a,A.(aa),a.(aa),a.(aa),Aa.(aa),(aa).aa,(aa).Aa,OT+HG
131,(A),(A),(aa),(aa),(A).a,(A).a,a.(A),(aa).a,(aa).A,(aa).a,A.(aa),a.(aa),a.(aa),Aa.(aa),(aa).aa,(aa).Aa,OT+HG
132,(A),(aa),(aa),(aa),(aa).a,(A).a,a.(A),(aa).a,(aa).A,(aa).a,A.(aa),a.(aa),a.(aa),Aa.(aa),(aa).aa,(aa).Aa,OT+HG
133,(A),(a),(aa),(aa),(a.a),(a.a),(a.a),(aa).a,(aa).A,(aa).a,A.(aa),a.(aa),a.(aa),Aa.(aa),(aa).aa,(aa).Aa,OT+HG
134,(A),(A),(aa),(aa),(a.a),(a.a),(a.a),(aa).a,(aa).A,(aa).a,A.(aa),a.(aa),a.(aa),Aa.(aa),(aa).aa,(aa).Aa,OT+HG
135,(aa),(aa),(aa),(aa),(a.a),(a.a),(a.a),(aa).a,(aa).A,(aa).a,A.(aa),a.(aa),a.(aa),Aa.(aa),(aa).aa,(aa).Aa,OT+HG
136,(A),(aa),(aa),(aa),(a.a),A.(aa),(aa).A,(aa).a,(aa).A,(aa).a,A.(aa),a.(aa),a.(aa),Aa.(aa),(aa).aa,(aa).Aa,OT+HG
137,(aa),(aa),(aa),(aa),(a.a),A.(aa),(aa).A,(aa).a,(aa).A,(aa).a,A.(aa),a.(aa),a.(aa),Aa.(aa),(aa).aa,(aa).Aa,OT+HG
138,(A),(aa),(aa),(aa),(aa).a,A.(aa),(aa).A,(aa).a,(aa).A,(aa).a,A.(aa),a.(aa),a.(aa),Aa.(aa),(aa).aa,(aa).Aa,OT+HG
139,(aa),(aa),(aa),(aa),(aa).a,A.(aa),(aa).A,(aa).a,(aa).A,(aa).a,A.(aa),a.(aa),a.(aa),Aa.(aa),(aa).aa,(aa).Aa,OT+HG
140,(A),(A),(aa),(aa),(A).a,(A).a,a.(A),aa.(A),aa.(A),(aa).a,(A).aa,(A).aa,a.(aa),Aa.(aa),(aa).aa,(aa).Aa,OT+HG
141,(A),(aa),(Aa),(aa),(a.a),(A).a,a.(A),(aa).a,aa.(A),Aa.(aa),(A).aa,a.(aa),(aa).Aa,Aa.(aa),(aa).aa,(aa).Aa,OT+HG
142,(A),(aa),(aa),(aa),(a.a),(A).a,a.(A),(aa).a,aa.(A),Aa.(aa),(A).aa,a.(aa),(aa).Aa,Aa.(aa),(aa).aa,(aa).Aa,OT+HG
143,(A),(aa),(A),(aa),(a.a),(A).a,a.(A),(aa).a,aa.(A),Aa.(aa),(A).aa,a.(aa),(aa).Aa,Aa.(aa),(aa).aa,(aa).Aa,OT+HG
144,(A),(aa),(Aa),(aa),(aa).a,(A).a,a.(A),(aa).a,aa.(A),Aa.(aa),(A).aa,a.(aa),(aa).Aa,Aa.(aa),(aa).aa,(aa).Aa,OT+HG
145,(A),(aa),(aa),(aa),(aa).a,(A).a,a.(A),(aa).a,aa.(A),Aa.(aa),(A).aa,a.(aa),(aa).Aa,Aa.(aa),(aa).aa,(aa).Aa,OT+HG
146,(A),(aa),(A),(aa),(aa).a,(A).a,a.(A),(aa).a,aa.(A),Aa.(aa),(A).aa,a.(aa),(aa).Aa,Aa.(aa),(aa).aa,(aa).Aa,OT+HG
147,(A),(aa),(Aa),(aa),(a.a),(A).a,a.(A),(aa).a,(aa).A,Aa.(aa),A.(aa),a.(aa),(aa).Aa,Aa.(aa),(aa).aa,(aa).Aa,OT+HG
148,(A),(aa),(aa),(aa),(a.a),(A).a,a.(A),(aa).a,(aa).A,Aa.(aa),A.(aa),a.(aa),(aa).Aa,Aa.(aa),(aa).aa,(aa).Aa,OT+HG
149,(A),(aa),(A),(aa),(a.a),(A).a,a.(A),(aa).a,(aa).A,Aa.(aa),A.(aa),a.(aa),(aa).Aa,Aa.(aa),(aa).aa,(aa).Aa,OT+HG
150,(A),(A),(Aa),(aa),(A).a,(A).a,a.(A),(aa).a,(aa).A,Aa.(aa),A.(aa),a.(aa),(aa).Aa,Aa.(aa),(aa).aa,(aa).Aa,OT+HG
151,(A),(A),(aa),(aa),(A).a,(A).a,a.(A),(aa).a,(aa).A,Aa.(aa),A.(aa),a.(aa),(aa).Aa,Aa.(aa),(aa).aa,(aa).Aa,OT+HG
152,(A),(A),(A),(aa),(A).a,(A).a,a.(A),(aa).a,(aa).A,Aa.(aa),A.(aa),a.(aa),(aa).Aa,Aa.(aa),(aa).aa,(aa).Aa,OT+HG
153,(A),(aa),(Aa),(aa),(aa).a,(A).a,a.(A),(aa).a,(aa).A,Aa.(aa),A.(aa),a.(aa),(aa).Aa,Aa.(aa),(aa).aa,(aa).Aa,OT+HG
154,(A),(aa),(aa),(aa),(aa).a,(A).a,a.(A),(aa).a,(aa).A,Aa.(aa),A.(aa),a.(aa),(aa).Aa,Aa.(aa),(aa).aa,(aa).Aa,OT+HG
155,(A),(aa),(A),(aa),(aa).a,(A).a,a.(A),(aa).a,(aa).A,Aa.(aa),A.(aa),a.(aa),(aa).Aa,Aa.(aa),(aa).aa,(aa).Aa,OT+HG
156,(A),(aa),(Aa),(aa),(a.a),A.(aa),(aa).A,(aa).a,(aa).A,Aa.(aa),A.(aa),a.(aa),(aa).Aa,Aa.(aa),(aa).aa,(aa).Aa,OT+HG
157,(Aa),(aa),(Aa),(aa),(a.a),A.(aa),(aa).A,(aa).a,(aa).A,Aa.(aa),A.(aa),a.(aa),(aa).Aa,Aa.(aa),(aa).aa,(aa).Aa,OT+HG
158,(A),(aa),(aa),(aa),(a.a),A.(aa),(aa).A,(aa).a,(aa).A,Aa.(aa),A.(aa),a.(aa),(aa).Aa,Aa.(aa),(aa).aa,(aa).Aa,OT+HG
159,(aa),(aa),(aa),(aa),(a.a),A.(aa),(aa).A,(aa).a,(aa).A,Aa.(aa),A.(aa),a.(aa),(aa).Aa,Aa.(aa),(aa).aa,(aa).Aa,OT+HG
160,(A),(aa),(A),(aa),(a.a),A.(aa),(aa).A,(aa).a,(aa).A,Aa.(aa),A.(aa),a.(aa),(aa).Aa,Aa.(aa),(aa).aa,(aa).Aa,OT+HG
161,(A),(aa),(Aa),(aa),(aa).a,A.(aa),(aa).A,(aa).a,(aa).A,Aa.(aa),A.(aa),a.(aa),(aa).Aa,Aa.(aa),(aa).aa,(aa).Aa,OT+HG
162,(Aa),(aa),(Aa),(aa),(aa).a,A.(aa),(aa).A,(aa).a,(aa).A,Aa.(aa),A.(aa),a.(aa),(aa).Aa,Aa.(aa),(aa).aa,(aa).Aa,OT+HG
163,(A),(aa),(aa),(aa),(aa).a,A.(aa),(aa).A,(aa).a,(aa).A,Aa.(aa),A.(aa),a.(aa),(aa).Aa,Aa.(aa),(aa).aa,(aa).Aa,OT+HG
164,(aa),(aa),(aa),(aa),(aa).a,A.(aa),(aa).A,(aa).a,(aa).A,Aa.(aa),A.(aa),a.(aa),(aa).Aa,Aa.(aa),(aa).aa,(aa).Aa,OT+HG
165,(A),(aa),(A),(aa),(aa).a,A.(aa),(aa).A,(aa).a,(aa).A,Aa.(aa),A.(aa),a.(aa),(aa).Aa,Aa.(aa),(aa).aa,(aa).Aa,OT+HG
166,(A),(A),(Aa),(aa),(A).a,(A).a,a.(A),aa.(A),aa.(A),Aa.(aa),(A).aa,(A).aa,(aa).Aa,Aa.(aa),(aa).aa,(aa).Aa,OT+HG
167,(A),(A),(aa),(aa),(A).a,(A).a,a.(A),aa.(A),aa.(A),Aa.(aa),(A).aa,(A).aa,(aa).Aa,Aa.(aa),(aa).aa,(aa).Aa,OT+HG
168,(A),(A),(A),(aa),(A).a,(A).a,a.(A),aa.(A),aa.(A),Aa.(aa),(A).aa,(A).aa,(aa).Aa,Aa.(aa),(aa).aa,(aa).Aa,OT+HG
169,(A),(a),(A),(aa),(a.a),(A).a,a.(A),(aa).a,(aa).A,(A).a,A.(aa),a.(aa),a.(A),Aa.(aa),(aa).aa,(aa).Aa,OT+HG
170,(A),(A),(A),(aa),(a.a),(A).a,a.(A),(aa).a,(aa).A,(A).a,A.(aa),a.(aa),a.(A),Aa.(aa),(aa).aa,(aa).Aa,OT+HG
171,(A),(A),(A),(aa),(A).a,(A).a,a.(A),(aa).a,(aa).A,(A).a,A.(aa),a.(aa),a.(A),Aa.(aa),(aa).aa,(aa).Aa,OT+HG
172,(A),(a),(Aa),(aa),(a.a),(A).a,a.(A),(aa).a,aa.(A),aa.(A),(A).aa,a.(aa),(A).aa,Aa.(aa),(aa).aa,(aa).Aa,OT+HG
173,(A),(aa),(Aa),(aa),(a.a),(A).a,a.(A),(aa).a,aa.(A),aa.(A),(A).aa,a.(aa),(A).aa,Aa.(aa),(aa).aa,(aa).Aa,OT+HG
174,(A),(a),(aa),(aa),(a.a),(A).a,a.(A),(aa).a,aa.(A),aa.(A),(A).aa,a.(aa),(A).aa,Aa.(aa),(aa).aa,(aa).Aa,OT+HG
175,(A),(aa),(aa),(aa),(a.a),(A).a,a.(A),(aa).a,aa.(A),aa.(A),(A).aa,a.(aa),(A).aa,Aa.(aa),(aa).aa,(aa).Aa,OT+HG
176,(A),(a),(A),(aa),(a.a),(A).a,a.(A),(aa).a,aa.(A),aa.(A),(A).aa,a.(aa),(A).aa,Aa.(aa),(aa).aa,(aa).Aa,OT+HG
177,(A),(aa),(A),(aa),(a.a),(A).a,a.(A),(aa).a,aa.(A),aa.(A),(A).aa,a.(aa),(A).aa,Aa.(aa),(aa).aa,(aa).Aa,OT+HG
178,(A),(aa),(Aa),(aa),(aa).a,(A).a,a.(A),(aa).a,aa.(A),aa.(A),(A).aa,a.(aa),(A).aa,Aa.(aa),(aa).aa,(aa).Aa,OT+HG
179,(A),(aa),(aa),(aa),(aa).a,(A).a,a.(A),(aa).a,aa.(A),aa.(A),(A).aa,a.(aa),(A).aa,Aa.(aa),(aa).aa,(aa).Aa,OT+HG
180,(A),(aa),(A),(aa),(aa).a,(A).a,a.(A),(aa).a,aa.(A),aa.(A),(A).aa,a.(aa),(A).aa,Aa.(aa),(aa).aa,(aa).Aa,OT+HG
181,(A),(A),(Aa),(aa),(A).a,(A).a,a.(A),aa.(A),aa.(A),aa.(A),(A).aa,(A).aa,(A).aa,Aa.(aa),(aa).aa,(aa).Aa,OT+HG
182,(A),(A),(aa),(aa),(A).a,(A).a,a.(A),aa.(A),aa.(A),aa.(A),(A).aa,(A).aa,(A).aa,Aa.(aa),(aa).aa,(aa).Aa,OT+HG
183,(A),(A),(A),(aa),(A).a,(A).a,a.(A),aa.(A),aa.(A),aa.(A),(A).aa,(A).aa,(A).aa,Aa.(aa),(aa).aa,(aa).Aa,OT+HG
184,(A),(a),(Aa),(aa),(a.a),(A).a,a.(A),(aa).a,(aa).A,(aa).A,A.(aa),a.(aa),A.(aa),Aa.(aa),(aa).aa,(aa).Aa,OT+HG
185,(A),(A),(Aa),(aa),(a.a),(A).a,a.(A),(aa).a,(aa).A,(aa).A,A.(aa),a.(aa),A.(aa),Aa.(aa),(aa).aa,(aa).Aa,OT+HG
186,(A),(aa),(Aa),(aa),(a.a),(A).a,a.(A),(aa).a,(aa).A,(aa).A,A.(aa),a.(aa),A.(aa),Aa.(aa),(aa).aa,(aa).Aa,OT+HG
187,(A),(a),(aa),(aa),(a.a),(A).a,a.(A),(aa).a,(aa).A,(aa).A,A.(aa),a.(aa),A.(aa),Aa.(aa),(aa).aa,(aa).Aa,OT+HG
188,(A),(A),(aa),(aa),(a.a),(A).a,a.(A),(aa).a,(aa).A,(aa).A,A.(aa),a.(aa),A.(aa),Aa.(aa),(aa).aa,(aa).Aa,OT+HG
189,(A),(aa),(aa),(aa),(a.a),(A).a,a.(A),(aa).a,(aa).A,(aa).A,A.(aa),a.(aa),A.(aa),Aa.(aa),(aa).aa,(aa).Aa,OT+HG
190,(A),(a),(A),(aa),(a.a),(A).a,a.(A),(aa).a,(aa).A,(aa).A,A.(aa),a.(aa),A.(aa),Aa.(aa),(aa).aa,(aa).Aa,OT+HG
191,(A),(A),(A),(aa),(a.a),(A).a,a.(A),(aa).a,(aa).A,(aa).A,A.(aa),a.(aa),A.(aa),Aa.(aa),(aa).aa,(aa).Aa,OT+HG
192,(A),(aa),(A),(aa),(a.a),(A).a,a.(A),(aa).a,(aa).A,(aa).A,A.(aa),a.(aa),A.(aa),Aa.(aa),(aa).aa,(aa).Aa,OT+HG
193,(A),(A),(Aa),(aa),(A).a,(A).a,a.(A),(aa).a,(aa).A,(aa).A,A.(aa),a.(aa),A.(aa),Aa.(aa),(aa).aa,(aa).Aa,OT+HG
194,(A),(A),(aa),(aa),(A).a,(A).a,a.(A),(aa).a,(aa).A,(aa).A,A.(aa),a.(aa),A.(aa),Aa.(aa),(aa).aa,(aa).Aa,OT+HG
195,(A),(A),(A),(aa),(A).a,(A).a,a.(A),(aa).a,(aa).A,(aa).A,A.(aa),a.(aa),A.(aa),Aa.(aa),(aa).aa,(aa).Aa,OT+HG
196,(A),(aa),(Aa),(aa),(aa).a,(A).a,a.(A),(aa).a,(aa).A,(aa).A,A.(aa),a.(aa),A.(aa),Aa.(aa),(aa).aa,(aa).Aa,OT+HG
197,(A),(aa),(aa),(aa),(aa).a,(A).a,a.(A),(aa).a,(aa).A,(aa).A,A.(aa),a.(aa),A.(aa),Aa.(aa),(aa).aa,(aa).Aa,OT+HG
198,(A),(aa),(A),(aa),(aa).a,(A).a,a.(A),(aa).a,(aa).A,(aa).A,A.(aa),a.(aa),A.(aa),Aa.(aa),(aa).aa,(aa).Aa,OT+HG
199,(A),(a),(aa),(aa),(a.a),(a.a),(a.a),(aa).a,(aa).A,(aa).A,A.(aa),a.(aa),A.(aa),Aa.(aa),(aa).aa,(aa).Aa,OT+HG
200,(A),(A),(aa),(aa),(a.a),(a.a),(a.a),(aa).a,(aa).A,(aa).A,A.(aa),a.(aa),A.(aa),Aa.(aa),(aa).aa,(aa).Aa,OT+HG
201,(aa),(aa),(aa),(aa),(a.a),(a.a),(a.a),(aa).a,(aa).A,(aa).A,A.(aa),a.(aa),A.(aa),Aa.(aa),(aa).aa,(aa).Aa,OT+HG
202,(A),(aa),(Aa),(aa),(a.a),A.(aa),(aa).A,(aa).a,(aa).A,(aa).A,A.(aa),a.(aa),A.(aa),Aa.(aa),(aa).aa,(aa).Aa,OT+HG
203,(Aa),(aa),(Aa),(aa),(a.a),A.(aa),(aa).A,(aa).a,(aa).A,(aa).A,A.(aa),a.(aa),A.(aa),Aa.(aa),(aa).aa,(aa).Aa,OT+HG
204,(A),(aa),(aa),(aa),(a.a),A.(aa),(aa).A,(aa).a,(aa).A,(aa).A,A.(aa),a.(aa),A.(aa),Aa.(aa),(aa).aa,(aa).Aa,OT+HG
205,(aa),(aa),(aa),(aa),(a.a),A.(aa),(aa).A,(aa).a,(aa).A,(aa).A,A.(aa),a.(aa),A.(aa),Aa.(aa),(aa).aa,(aa).Aa,OT+HG
206,(A),(aa),(A),(aa),(a.a),A.(aa),(aa).A,(aa).a,(aa).A,(aa).A,A.(aa),a.(aa),A.(aa),Aa.(aa),(aa).aa,(aa).Aa,OT+HG
207,(A),(aa),(Aa),(aa),(aa).a,A.(aa),(aa).A,(aa).a,(aa).A,(aa).A,A.(aa),a.(aa),A.(aa),Aa.(aa),(aa).aa,(aa).Aa,OT+HG
208,(Aa),(aa),(Aa),(aa),(aa).a,A.(aa),(aa).A,(aa).a,(aa).A,(aa).A,A.(aa),a.(aa),A.(aa),Aa.(aa),(aa).aa,(aa).Aa,OT+HG
209,(A),(aa),(aa),(aa),(aa).a,A.(aa),(aa).A,(aa).a,(aa).A,(aa).A,A.(aa),a.(aa),A.(aa),Aa.(aa),(aa).aa,(aa).Aa,OT+HG
210,(aa),(aa),(aa),(aa),(aa).a,A.(aa),(aa).A,(aa).a,(aa).A,(aa).A,A.(aa),a.(aa),A.(aa),Aa.(aa),(aa).aa,(aa).Aa,OT+HG
211,(A),(aa),(A),(aa),(aa).a,A.(aa),(aa).A,(aa).a,(aa).A,(aa).A,A.(aa),a.(aa),A.(aa),Aa.(aa),(aa).aa,(aa).Aa,OT+HG
212,(A),(a),(Aa),(aa),(a.a),(A.a),(A.a),(aa).a,(aa).A,(aa).A,A.(aa),a.(aa),A.(aa),Aa.(aa),(aa).aa,(aa).Aa,OT+HG
213,(A),(A),(Aa),(aa),(a.a),(A.a),(A.a),(aa).a,(aa).A,(aa).A,A.(aa),a.(aa),A.(aa),Aa.(aa),(aa).aa,(aa).Aa,OT+HG
214,(Aa),(aa),(Aa),(aa),(a.a),(A.a),(A.a),(aa).a,(aa).A,(aa).A,A.(aa),a.(aa),A.(aa),Aa.(aa),(aa).aa,(aa).Aa,OT+HG
215,(A),(A),(Aa),(Aa),(A.a),(A.a),a.(A),(Aa).a,a.(Aa),(Aa).a,A.(aa),a.(Aa),a.(Aa),(Aa).a,(Aa).aa,a.(Aa),OT+HG
216,(A),(A),(Aa),(Aa),(A).a,(A).a,a.(A),(Aa).a,a.(Aa),(Aa).a,A.(aa),a.(Aa),a.(Aa),(Aa).a,(Aa).aa,a.(Aa),OT+HG
217,(A),(A),(Aa),(Aa),(A.a),(A.a),(a.a),(Aa).a,a.(Aa),(Aa).a,A.(aa),a.(Aa),a.(Aa),(Aa).a,(Aa).aa,a.(Aa),OT+HG
218,(Aa),(Aa),(Aa),(Aa),(A.a),(A.a),(a.a),(Aa).a,a.(Aa),(Aa).a,A.(aa),a.(Aa),a.(Aa),(Aa).a,(Aa).aa,a.(Aa),OT+HG
219,(Aa),(Aa),(Aa),(Aa),(A.a),(A.a),a.(Aa),(Aa).a,a.(Aa),(Aa).a,A.(aa),a.(Aa),a.(Aa),(Aa).a,(Aa).aa,a.(Aa),OT+HG
220,(Aa),(Aa),(Aa),(Aa),(Aa).a,(Aa).a,a.(Aa),(Aa).a,a.(Aa),(Aa).a,A.(aa),a.(Aa),a.(Aa),(Aa).a,(Aa).aa,a.(Aa),OT+HG
221,(A),(A),(Aa),(Aa),(A.a),(A.a),(A.a),(Aa).a,a.(Aa),(Aa).a,A.(aa),a.(Aa),a.(Aa),(Aa).a,(Aa).aa,a.(Aa),OT+HG
222,(Aa),(Aa),(Aa),(Aa),(A.a),(A.a),(A.a),(Aa).a,a.(Aa),(Aa).a,A.(aa),a.(Aa),a.(Aa),(Aa).a,(Aa).aa,a.(Aa),OT+HG
223,(Aa),(Aa),(Aa),(Aa),(Aa).a,(Aa).a,a.(Aa),(Aa).a,a.(Aa),(Aa).a,(Aa).aa,a.(Aa),a.(Aa),(Aa).a,(Aa).aa,a.(Aa),OT+HG
224,(A),(A),(Aa),(Aa),(A.a),(A.a),a.(A),(Aa).a,a.(Aa),(Aa).a,(A.a),a.(Aa),a.(Aa),(Aa).a,(Aa).aa,a.(Aa),OT+HG
225,(A),(A),(Aa),(Aa),(A.a),(A.a),(a.a),(Aa).a,a.(Aa),(Aa).a,(A.a),a.(Aa),a.(Aa),(Aa).a,(Aa).aa,a.(Aa),OT+HG
226,(Aa),(Aa),(Aa),(Aa),(A.a),(A.a),(a.a),(Aa).a,a.(Aa),(Aa).a,(A.a),a.(Aa),a.(Aa),(Aa).a,(Aa).aa,a.(Aa),OT+HG
227,(Aa),(Aa),(Aa),(Aa),(A.a),(A.a),a.(Aa),(Aa).a,a.(Aa),(Aa).a,(A.a),a.(Aa),a.(Aa),(Aa).a,(Aa).aa,a.(Aa),OT+HG
228,(A),(A),(Aa),(Aa),(A.a),(A.a),(A.a),(Aa).a,a.(Aa),(Aa).a,(A.a),a.(Aa),a.(Aa),(Aa).a,(Aa).aa,a.(Aa),OT+HG
229,(Aa),(Aa),(Aa),(Aa),(A.a),(A.a),(A.a),(Aa).a,a.(Aa),(Aa).a,(A.a),a.(Aa),a.(Aa),(Aa).a,(Aa).aa,a.(Aa),OT+HG
230,(A),(A),(Aa),(Aa),(A).a,(A).a,a.(A),(Aa).a,a.(Aa),(Aa).a,(A).a,a.(Aa),a.(Aa),(Aa).a,(Aa).aa,a.(Aa),OT+HG
231,(A),(A),(Aa),(Aa),(A.a),(A.a),a.(A),(Aa).a,a.(Aa),(Aa).a,a.(Aa),a.(Aa),a.(Aa),(Aa).a,(Aa).aa,a.(Aa),OT+HG
232,(A),(A),(Aa),(Aa),(A).a,(A).a,a.(A),(Aa).a,a.(Aa),(Aa).a,a.(Aa),a.(Aa),a.(Aa),(Aa).a,(Aa).aa,a.(Aa),OT+HG
233,(Aa),(Aa),(Aa),(Aa),(Aa).a,(Aa).a,a.(Aa),(Aa).a,a.(Aa),(Aa).a,a.(Aa),a.(Aa),a.(Aa),(Aa).a,(Aa).aa,a.(Aa),OT+HG
234,(A),(A),(Aa),(Aa),(A.a),(A.a),(A.a),(Aa).a,a.(Aa),(Aa).a,a.(Aa),a.(Aa),a.(Aa),(Aa).a,(Aa).aa,a.(Aa),OT+HG
235,(Aa),(Aa),(Aa),(Aa),(A.a),(A.a),(A.a),(Aa).a,a.(Aa),(Aa).a,a.(Aa),a.(Aa),a.(Aa),(Aa).a,(Aa).aa,a.(Aa),OT+HG
236,(A),(A),(Aa),(Aa),(A.a),(A.a),a.(A),(Aa).a,(Aa).a,(Aa).a,a.(Aa),a.(Aa),a.(Aa),(Aa).a,(Aa).aa,a.(Aa),OT+HG
237,(A),(A),(Aa),(Aa),(A).a,(A).a,a.(A),(Aa).a,(Aa).a,(Aa).a,a.(Aa),a.(Aa),a.(Aa),(Aa).a,(Aa).aa,a.(Aa),OT+HG
238,(Aa),(Aa),(Aa),(Aa),(Aa).a,(Aa).a,a.(Aa),(Aa).a,(Aa).a,(Aa).a,a.(Aa),a.(Aa),a.(Aa),(Aa).a,(Aa).aa,a.(Aa),OT+HG
239,(A),(A),(Aa),(Aa),(A.a),(A.a),(A.a),(Aa).a,(Aa).a,(Aa).a,a.(Aa),a.(Aa),a.(Aa),(Aa).a,(Aa).aa,a.(Aa),OT+HG
240,(Aa),(Aa),(Aa),(Aa),(A.a),(A.a),(A.a),(Aa).a,(Aa).a,(Aa).a,a.(Aa),a.(Aa),a.(Aa),(Aa).a,(Aa).aa,a.(Aa),OT+HG
241,(A),(a),(Aa),(aa),(a.a),(A.a),a.(A),(aa).a,(aa).A,(Aa).a,A.(aa),a.(aa),a.(Aa),(Aa).a,(aa).a,a.(Aa),OT+HG
242,(A),(a),(Aa),(aa),(a.a),(A).a,a.(A),(aa).a,(aa).A,(Aa).a,A.(aa),a.(aa),a.(Aa),(Aa).a,(aa).a,a.(Aa),OT+HG
243,(A),(aa),(Aa),(aa),(a.a),(A).a,a.(A),(aa).a,(aa).A,(Aa).a,A.(aa),a.(aa),a.(Aa),(Aa).a,(aa).a,a.(Aa),OT+HG
244,(A),(aa),(Aa),(aa),(aa).a,(A).a,a.(A),(aa).a,(aa).A,(Aa).a,A.(aa),a.(aa),a.(Aa),(Aa).a,(aa).a,a.(Aa),OT+HG
245,(A),(a),(Aa),(aa),(a.a),(A.a),(a.a),(aa).a,(aa).A,(Aa).a,A.(aa),a.(aa),a.(Aa),(Aa).a,(aa).a,a.(Aa),OT+HG
246,(Aa),(aa),(Aa),(aa),(a.a),(A.a),(a.a),(aa).a,(aa).A,(Aa).a,A.(aa),a.(aa),a.(Aa),(Aa).a,(aa).a,a.(Aa),OT+HG
247,(Aa),(aa),(Aa),(aa),(a.a),(A.a),a.(Aa),(aa).a,(aa).A,(Aa).a,A.(aa),a.(aa),a.(Aa),(Aa).a,(aa).a,a.(Aa),OT+HG
248,(Aa),(aa),(Aa),(aa),(aa).a,(Aa).a,a.(Aa),(aa).a,(aa).A,(Aa).a,A.(aa),a.(aa),a.(Aa),(Aa).a,(aa).a,a.(Aa),OT+HG
249,(A),(a),(Aa),(aa),(a.a),(A.a),(A.a),(aa).a,(aa).A,(Aa).a,A.(aa),a.(aa),a.(Aa),(Aa).a,(aa).a,a.(Aa),OT+HG
250,(Aa),(aa),(Aa),(aa),(a.a),(A.a),(A.a),(aa).a,(aa).A,(Aa).a,A.(aa),a.(aa),a.(Aa),(Aa).a,(aa).a,a.(Aa),OT+HG
251,(A),(a),(Aa),(aa),(a.a),(A.a),a.(A),(aa).a,a.(Aa),(Aa).a,A.(aa),a.(aa),a.(Aa),(Aa).a,(aa).a,a.(Aa),OT+HG
252,(A),(a),(Aa),(aa),(a.a),(A).a,a.(A),(aa).a,a.(Aa),(Aa).a,A.(aa),a.(aa),a.(Aa),(Aa).a,(aa).a,a.(Aa),OT+HG
253,(A),(a),(Aa),(aa),(a.a),(A.a),(a.a),(aa).a,a.(Aa),(Aa).a,A.(aa),a.(aa),a.(Aa),(Aa).a,(aa).a,a.(Aa),OT+HG
254,(Aa),(aa),(Aa),(aa),(a.a),(A.a),(a.a),(aa).a,a.(Aa),(Aa).a,A.(aa),a.(aa),a.(Aa),(Aa).a,(aa).a,a.(Aa),OT+HG
255,(Aa),(aa),(Aa),(aa),(a.a),(A.a),a.(Aa),(aa).a,a.(Aa),(Aa).a,A.(aa),a.(aa),a.(Aa),(Aa).a,(aa).a,a.(Aa),OT+HG
256,(Aa),(aa),(Aa),(aa),(aa).a,(Aa).a,a.(Aa),(aa).a,a.(Aa),(Aa).a,A.(aa),a.(aa),a.(Aa),(Aa).a,(aa).a,a.(Aa),OT+HG
257,(A),(a),(Aa),(aa),(a.a),(A.a),(A.a),(aa).a,a.(Aa),(Aa).a,A.(aa),a.(aa),a.(Aa),(Aa).a,(aa).a,a.(Aa),OT+HG
258,(Aa),(aa),(Aa),(aa),(a.a),(A.a),(A.a),(aa).a,a.(Aa),(Aa).a,A.(aa),a.(aa),a.(Aa),(Aa).a,(aa).a,a.(Aa),OT+HG
259,(Aa),(aa),(Aa),(aa),(aa).a,(Aa).a,a.(Aa),(aa).a,a.(Aa),(Aa).a,(Aa).aa,a.(aa),a.(Aa),(Aa).a,(aa).a,a.(Aa),OT+HG
260,(A),(a),(Aa),(aa),(a.a),(A.a),a.(A),(aa).a,a.(Aa),(Aa).a,(A.a),a.(aa),a.(Aa),(Aa).a,(aa).a,a.(Aa),OT+HG
261,(A),(a),(Aa),(aa),(a.a),(A.a),(a.a),(aa).a,a.(Aa),(Aa).a,(A.a),a.(aa),a.(Aa),(Aa).a,(aa).a,a.(Aa),OT+HG
262,(Aa),(aa),(Aa),(aa),(a.a),(A.a),(a.a),(aa).a,a.(Aa),(Aa).a,(A.a),a.(aa),a.(Aa),(Aa).a,(aa).a,a.(Aa),OT+HG
263,(Aa),(aa),(Aa),(aa),(a.a),(A.a),a.(Aa),(aa).a,a.(Aa),(Aa).a,(A.a),a.(aa),a.(Aa),(Aa).a,(aa).a,a.(Aa),OT+HG
264,(Aa),(aa),(Aa),(aa),(aa).a,(Aa).a,a.(Aa),(aa).a,a.(Aa),(Aa).a,(A.a),a.(aa),a.(Aa),(Aa).a,(aa).a,a.(Aa),OT+HG
265,(A),(a),(Aa),(aa),(a.a),(A.a),(A.a),(aa).a,a.(Aa),(Aa).a,(A.a),a.(aa),a.(Aa),(Aa).a,(aa).a,a.(Aa),OT+HG
266,(Aa),(aa),(Aa),(aa),(a.a),(A.a),(A.a),(aa).a,a.(Aa),(Aa).a,(A.a),a.(aa),a.(Aa),(Aa).a,(aa).a,a.(Aa),OT+HG
267,(A),(a),(Aa),(aa),(a.a),(A).a,a.(A),(aa).a,a.(Aa),(Aa).a,(A).a,a.(aa),a.(Aa),(Aa).a,(aa).a,a.(Aa),OT+HG
268,(A),(aa),(Aa),(aa),(a.a),(A).a,a.(A),(aa).a,a.(Aa),(Aa).a,(A).a,a.(aa),a.(Aa),(Aa).a,(aa).a,a.(Aa),OT+HG
269,(A),(aa),(Aa),(aa),(aa).a,(A).a,a.(A),(aa).a,a.(Aa),(Aa).a,(A).a,a.(aa),a.(Aa),(Aa).a,(aa).a,a.(Aa),OT+HG
270,(Aa),(aa),(Aa),(aa),(aa).a,(Aa).a,a.(Aa),(aa).a,a.(Aa),(Aa).a,(A).a,a.(aa),a.(Aa),(Aa).a,(aa).a,a.(Aa),OT+HG
271,(A),(a),(Aa),(aa),(a.a),(A.a),a.(A),(aa).a,a.(Aa),(Aa).a,a.(Aa),a.(aa),a.(Aa),(Aa).a,(aa).a,a.(Aa),OT+HG
272,(A),(a),(Aa),(aa),(a.a),(A).a,a.(A),(aa).a,a.(Aa),(Aa).a,a.(Aa),a.(aa),a.(Aa),(Aa).a,(aa).a,a.(Aa),OT+HG
273,(Aa),(aa),(Aa),(aa),(aa).a,(Aa).a,a.(Aa),(aa).a,a.(Aa),(Aa).a,a.(Aa),a.(aa),a.(Aa),(Aa).a,(aa).a,a.(Aa),OT+HG
274,(A),(a),(Aa),(aa),(a.a),(A.a),(A.a),(aa).a,a.(Aa),(Aa).a,a.(Aa),a.(aa),a.(Aa),(Aa).a,(aa).a,a.(Aa),OT+HG
275,(Aa),(aa),(Aa),(aa),(a.a),(A.a),(A.a),(aa).a,a.(Aa),(Aa).a,a.(Aa),a.(aa),a.(Aa),(Aa).a,(aa).a,a.(Aa),OT+HG
276,(A),(a),(Aa),(aa),(a.a),(A.a),a.(A),(aa).a,(Aa).a,(Aa).a,a.(Aa),a.(aa),a.(Aa),(Aa).a,(aa).a,a.(Aa),OT+HG
277,(A),(a),(Aa),(aa),(a.a),(A).a,a.(A),(aa).a,(Aa).a,(Aa).a,a.(Aa),a.(aa),a.(Aa),(Aa).a,(aa).a,a.(Aa),OT+HG
278,(A),(aa),(Aa),(aa),(a.a),(A).a,a.(A),(aa).a,(Aa).a,(Aa).a,a.(Aa),a.(aa),a.(Aa),(Aa).a,(aa).a,a.(Aa),OT+HG
279,(A),(aa),(Aa),(aa),(aa).a,(A).a,a.(A),(aa).a,(Aa).a,(Aa).a,a.(Aa),a.(aa),a.(Aa),(Aa).a,(aa).a,a.(Aa),OT+HG
280,(Aa),(aa),(Aa),(aa),(a.a),(A.a),a.(Aa),(aa).a,(Aa).a,(Aa).a,a.(Aa),a.(aa),a.(Aa),(Aa).a,(aa).a,a.(Aa),OT+HG
281,(Aa),(aa),(Aa),(aa),(aa).a,(Aa).a,a.(Aa),(aa).a,(Aa).a,(Aa).a,a.(Aa),a.(aa),a.(Aa),(Aa).a,(aa).a,a.(Aa),OT+HG
282,(A),(a),(Aa),(aa),(a.a),(A.a),(A.a),(aa).a,(Aa).a,(Aa).a,a.(Aa),a.(aa),a.(Aa),(Aa).a,(aa).a,a.(Aa),OT+HG
283,(Aa),(aa),(Aa),(aa),(a.a),(A.a),(A.a),(aa).a,(Aa).a,(Aa).a,a.(Aa),a.(aa),a.(Aa),(Aa).a,(aa).a,a.(Aa),OT+HG
284,(A),(A),(Aa),(Aa),(A.a),(A.a),a.(A),(Aa).a,(aa).A,(Aa).a,A.(aa),a.(Aa),a.(Aa),(Aa).a,(aa).a,a.(Aa),OT+HG
285,(A),(A),(Aa),(Aa),(A).a,(A).a,a.(A),(Aa).a,(aa).A,(Aa).a,A.(aa),a.(Aa),a.(Aa),(Aa).a,(aa).a,a.(Aa),OT+HG
286,(A),(A),(Aa),(Aa),(A.a),(A.a),(a.a),(Aa).a,(aa).A,(Aa).a,A.(aa),a.(Aa),a.(Aa),(Aa).a,(aa).a,a.(Aa),OT+HG
287,(Aa),(Aa),(Aa),(Aa),(A.a),(A.a),(a.a),(Aa).a,(aa).A,(Aa).a,A.(aa),a.(Aa),a.(Aa),(Aa).a,(aa).a,a.(Aa),OT+HG
288,(Aa),(Aa),(Aa),(Aa),(A.a),(A.a),a.(Aa),(Aa).a,(aa).A,(Aa).a,A.(aa),a.(Aa),a.(Aa),(Aa).a,(aa).a,a.(Aa),OT+HG
289,(Aa),(Aa),(Aa),(Aa),(Aa).a,(Aa).a,a.(Aa),(Aa).a,(aa).A,(Aa).a,A.(aa),a.(Aa),a.(Aa),(Aa).a,(aa).a,a.(Aa),OT+HG
290,(A),(A),(Aa),(Aa),(A.a),(A.a),(A.a),(Aa).a,(aa).A,(Aa).a,A.(aa),a.(Aa),a.(Aa),(Aa).a,(aa).a,a.(Aa),OT+HG
291,(Aa),(Aa),(Aa),(Aa),(A.a),(A.a),(A.a),(Aa).a,(aa).A,(Aa).a,A.(aa),a.(Aa),a.(Aa),(Aa).a,(aa).a,a.(Aa),OT+HG
292,(A),(A),(Aa),(Aa),(A.a),(A.a),a.(A),(Aa).a,a.(Aa),(Aa).a,A.(aa),a.(Aa),a.(Aa),(Aa).a,(aa).a,a.(Aa),OT+HG
293,(A),(A),(Aa),(Aa),(A).a,(A).a,a.(A),(Aa).a,a.(Aa),(Aa).a,A.(aa),a.(Aa),a.(Aa),(Aa).a,(aa).a,a.(Aa),OT+HG
294,(A),(A),(Aa),(Aa),(A.a),(A.a),(a.a),(Aa).a,a.(Aa),(Aa).a,A.(aa),a.(Aa),a.(Aa),(Aa).a,(aa).a,a.(Aa),OT+HG
295,(Aa),(Aa),(Aa),(Aa),(A.a),(A.a),(a.a),(Aa).a,a.(Aa),(Aa).a,A.(aa),a.(Aa),a.(Aa),(Aa).a,(aa).a,a.(Aa),OT+HG
296,(Aa),(Aa),(Aa),(Aa),(A.a),(A.a),a.(Aa),(Aa).a,a.(Aa),(Aa).a,A.(aa),a.(Aa),a.(Aa),(Aa).a,(aa).a,a.(Aa),OT+HG
297,(Aa),(Aa),(Aa),(Aa),(Aa).a,(Aa).a,a.(Aa),(Aa).a,a.(Aa),(Aa).a,A.(aa),a.(Aa),a.(Aa),(Aa).a,(aa).a,a.(Aa),OT+HG
298,(A),(A),(Aa),(Aa),(A.a),(A.a),(A.a),(Aa).a,a.(Aa),(Aa).a,A.(aa),a.(Aa),a.(Aa),(Aa).a,(aa).a,a.(Aa),OT+HG
299,(Aa),(Aa),(Aa),(Aa),(A.a),(A.a),(A.a),(Aa).a,a.(Aa),(Aa).a,A.(aa),a.(Aa),a.(Aa),(Aa).a,(aa).a,a.(Aa),OT+HG
300,(A),(A),(Aa),(Aa),(A.a),(A.a),a.(A),(Aa).a,a.(Aa),(Aa).a,a.(Aa),a.(Aa),a.(Aa),(Aa).a,(aa).a,a.(Aa),OT+HG
301,(A),(A),(Aa),(Aa),(A).a,(A).a,a.(A),(Aa).a,a.(Aa),(Aa).a,a.(Aa),a.(Aa),a.(Aa),(Aa).a,(aa).a,a.(Aa),OT+HG
302,(Aa),(Aa),(Aa),(Aa),(Aa).a,(Aa).a,a.(Aa),(Aa).a,a.(Aa),(Aa).a,a.(Aa),a.(Aa),a.(Aa),(Aa).a,(aa).a,a.(Aa),OT+HG
303,(A),(A),(Aa),(Aa),(A.a),(A.a),(A.a),(Aa).a,a.(Aa),(Aa).a,a.(Aa),a.(Aa),a.(Aa),(Aa).a,(aa).a,a.(Aa),OT+HG
304,(Aa),(Aa),(Aa),(Aa),(A.a),(A.a),(A.a),(Aa).a,a.(Aa),(Aa).a,a.(Aa),a.(Aa),a.(Aa),(Aa).a,(aa).a,a.(Aa),OT+HG
305,(A),(A),(Aa),(Aa),(A.a),(A.a),a.(A),(Aa).a,(Aa).a,(Aa).a,a.(Aa),a.(Aa),a.(Aa),(Aa).a,(aa).a,a.(Aa),OT+HG
306,(A),(A),(Aa),(Aa),(A).a,(A).a,a.(A),(Aa).a,(Aa).a,(Aa).a,a.(Aa),a.(Aa),a.(Aa),(Aa).a,(aa).a,a.(Aa),OT+HG
307,(Aa),(Aa),(Aa),(Aa),(A.a),(A.a),a.(Aa),(Aa).a,(Aa).a,(Aa).a,a.(Aa),a.(Aa),a.(Aa),(Aa).a,(aa).a,a.(Aa),OT+HG
308,(Aa),(Aa),(Aa),(Aa),(Aa).a,(Aa).a,a.(Aa),(Aa).a,(Aa).a,(Aa).a,a.(Aa),a.(Aa),a.(Aa),(Aa).a,(aa).a,a.(Aa),OT+HG
309,(A),(A),(Aa),(Aa),(A.a),(A.a),(A.a),(Aa).a,(Aa).a,(Aa).a,a.(Aa),a.(Aa),a.(Aa),(Aa).a,(aa).a,a.(Aa),OT+HG
310,(Aa),(Aa),(Aa),(Aa),(A.a),(A.a),(A.a),(Aa).a,(Aa).a,(Aa).a,a.(Aa),a.(Aa),a.(Aa),(Aa).a,(aa).a,a.(Aa),OT+HG
311,(A),(a),(A),(aa),(a.a),(A).a,a.(A),(aa).a,a.(Aa),(A).a,(A).a,a.(aa),a.(A),(A).a,(aa).a,a.(Aa),OT+HG
312,(A),(aa),(A),(aa),(a.a),(A).a,a.(A),(aa).a,a.(Aa),(A).a,(A).a,a.(aa),a.(A),(A).a,(aa).a,a.(Aa),OT+HG
313,(A),(aa),(A),(aa),(aa).a,(A).a,a.(A),(aa).a,a.(Aa),(A).a,(A).a,a.(aa),a.(A),(A).a,(aa).a,a.(Aa),OT+HG
314,(A),(a),(A),(aa),(a.a),(A).a,a.(A),(aa).a,(Aa).a,(A).a,(A).a,a.(aa),a.(A),(A).a,(aa).a,a.(Aa),OT+HG
315,(A),(aa),(A),(aa),(a.a),(A).a,a.(A),(aa).a,(Aa).a,(A).a,(A).a,a.(aa),a.(A),(A).a,(aa).a,a.(Aa),OT+HG
316,(A),(aa),(A),(aa),(aa).a,(A).a,a.(A),(aa).a,(Aa).a,(A).a,(A).a,a.(aa),a.(A),(A).a,(aa).a,a.(Aa),OT+HG
317,(A),(A),(Aa),(Aa),(A.a),(A.a),a.(A),(Aa).a,a.(Aa),(Aa).a,(A.a),a.(Aa),a.(Aa),(Aa).a,(A.a),a.(Aa),OT+HG
318,(A),(A),(Aa),(Aa),(A.a),(A.a),(a.a),(Aa).a,a.(Aa),(Aa).a,(A.a),a.(Aa),a.(Aa),(Aa).a,(A.a),a.(Aa),OT+HG
319,(Aa),(Aa),(Aa),(Aa),(A.a),(A.a),(a.a),(Aa).a,a.(Aa),(Aa).a,(A.a),a.(Aa),a.(Aa),(Aa).a,(A.a),a.(Aa),OT+HG
320,(Aa),(Aa),(Aa),(Aa),(A.a),(A.a),a.(Aa),(Aa).a,a.(Aa),(Aa).a,(A.a),a.(Aa),a.(Aa),(Aa).a,(A.a),a.(Aa),OT+HG
321,(Aa),(Aa),(Aa),(Aa),(Aa).a,(Aa).a,a.(Aa),(Aa).a,a.(Aa),(Aa).a,(A.a),a.(Aa),a.(Aa),(Aa).a,(A.a),a.(Aa),OT+HG
322,(A),(A),(Aa),(Aa),(A.a),(A.a),(A.a),(Aa).a,a.(Aa),(Aa).a,(A.a),a.(Aa),a.(Aa),(Aa).a,(A.a),a.(Aa),OT+HG
323,(Aa),(Aa),(Aa),(Aa),(A.a),(A.a),(A.a),(Aa).a,a.(Aa),(Aa).a,(A.a),a.(Aa),a.(Aa),(Aa).a,(A.a),a.(Aa),OT+HG
324,(A),(A),(Aa),(Aa),(A.a),(A.a),a.(A),(Aa).a,a.(Aa),(Aa).a,a.(Aa),a.(Aa),a.(Aa),(Aa).a,(A.a),a.(Aa),OT+HG
325,(Aa),(Aa),(Aa),(Aa),(Aa).a,(Aa).a,a.(Aa),(Aa).a,a.(Aa),(Aa).a,a.(Aa),a.(Aa),a.(Aa),(Aa).a,(A.a),a.(Aa),OT+HG
326,(A),(A),(Aa),(Aa),(A.a),(A.a),(A.a),(Aa).a,a.(Aa),(Aa).a,a.(Aa),a.(Aa),a.(Aa),(Aa).a,(A.a),a.(Aa),OT+HG
327,(Aa),(Aa),(Aa),(Aa),(A.a),(A.a),(A.a),(Aa).a,a.(Aa),(Aa).a,a.(Aa),a.(Aa),a.(Aa),(Aa).a,(A.a),a.(Aa),OT+HG
328,(A),(A),(Aa),(Aa),(A.a),(A.a),a.(A),(Aa).a,(Aa).a,(Aa).a,a.(Aa),a.(Aa),a.(Aa),(Aa).a,(A.a),a.(Aa),OT+HG
329,(Aa),(Aa),(Aa),(Aa),(A.a),(A.a),a.(Aa),(Aa).a,(Aa).a,(Aa).a,a.(Aa),a.(Aa),a.(Aa),(Aa).a,(A.a),a.(Aa),OT+HG
330,(Aa),(Aa),(Aa),(Aa),(Aa).a,(Aa).a,a.(Aa),(Aa).a,(Aa).a,(Aa).a,a.(Aa),a.(Aa),a.(Aa),(Aa).a,(A.a),a.(Aa),OT+HG
331,(A),(A),(Aa),(Aa),(A.a),(A.a),(A.a),(Aa).a,(Aa).a,(Aa).a,a.(Aa),a.(Aa),a.(Aa),(Aa).a,(A.a),a.(Aa),OT+HG
332,(Aa),(Aa),(Aa),(Aa),(A.a),(A.a),(A.a),(Aa).a,(Aa).a,(Aa).a,a.(Aa),a.(Aa),a.(Aa),(Aa).a,(A.a),a.(Aa),OT+HG
333,(A),(A),(Aa),(Aa),(A).a,(A).a,a.(A),(Aa).a,a.(Aa),(Aa).a,(A).a,a.(Aa),a.(Aa),(Aa).a,(A).a,a.(Aa),OT+HG
334,(Aa),(Aa),(Aa),(Aa),(Aa).a,(Aa).a,a.(Aa),(Aa).a,a.(Aa),(Aa).a,(A).a,a.(Aa),a.(Aa),(Aa).a,(A).a,a.(Aa),OT+HG
335,(A),(A),(Aa),(Aa),(A).a,(A).a,a.(A),(Aa).a,a.(Aa),(Aa).a,a.(Aa),a.(Aa),a.(Aa),(Aa).a,(A).a,a.(Aa),OT+HG
336,(Aa),(Aa),(Aa),(Aa),(Aa).a,(Aa).a,a.(Aa),(Aa).a,a.(Aa),(Aa).a,a.(Aa),a.(Aa),a.(Aa),(Aa).a,(A).a,a.(Aa),OT+HG
337,(A),(A),(Aa),(Aa),(A).a,(A).a,a.(A),(Aa).a,(Aa).a,(Aa).a,a.(Aa),a.(Aa),a.(Aa),(Aa).a,(A).a,a.(Aa),OT+HG
338,(Aa),(Aa),(Aa),(Aa),(Aa).a,(Aa).a,a.(Aa),(Aa).a,(Aa).a,(Aa).a,a.(Aa),a.(Aa),a.(Aa),(Aa).a,(A).a,a.(Aa),OT+HG
339,(A),(A),(A),(A),(A).a,(A).a,a.(A),(A).a,a.(Aa),(A).a,(A).a,(A).a,a.(A),(A).a,(A).a,a.(Aa),OT+HG
340,(A),(A),(A),(A),(A).a,(A).a,a.(A),(A).a,(Aa).a,(A).a,(A).a,(A).a,a.(A),(A).a,(A).a,a.(Aa),OT+HG
341,(A),(a),(Aa),(aa),(a.a),(A.a),a.(A),(aa).a,(aa).A,(Aa).a,A.(aa),a.(aa),a.(Aa),Aa.(aa),(aa).a,(aa).A,OT+HG
342,(A),(A),(Aa),(aa),(a.a),(A.a),a.(A),(aa).a,(aa).A,(Aa).a,A.(aa),a.(aa),a.(Aa),Aa.(aa),(aa).a,(aa).A,OT+HG
343,(A),(a),(Aa),(aa),(a.a),(A).a,a.(A),(aa).a,(aa).A,(Aa).a,A.(aa),a.(aa),a.(Aa),Aa.(aa),(aa).a,(aa).A,OT+HG
344,(A),(A),(Aa),(aa),(a.a),(A).a,a.(A),(aa).a,(aa).A,(Aa).a,A.(aa),a.(aa),a.(Aa),Aa.(aa),(aa).a,(aa).A,OT+HG
345,(A),(A),(Aa),(aa),(A).a,(A).a,a.(A),(aa).a,(aa).A,(Aa).a,A.(aa),a.(aa),a.(Aa),Aa.(aa),(aa).a,(aa).A,OT+HG
346,(A),(a),(Aa),(aa),(a.a),(A.a),(a.a),(aa).a,(aa).A,(Aa).a,A.(aa),a.(aa),a.(Aa),Aa.(aa),(aa).a,(aa).A,OT+HG
347,(A),(A),(Aa),(aa),(a.a),(A.a),(a.a),(aa).a,(aa).A,(Aa).a,A.(aa),a.(aa),a.(Aa),Aa.(aa),(aa).a,(aa).A,OT+HG
348,(Aa),(aa),(Aa),(aa),(a.a),(A.a),(a.a),(aa).a,(aa).A,(Aa).a,A.(aa),a.(aa),a.(Aa),Aa.(aa),(aa).a,(aa).A,OT+HG
349,(Aa),(aa),(Aa),(aa),(a.a),(A.a),(aa).A,(aa).a,(aa).A,(Aa).a,A.(aa),a.(aa),a.(Aa),Aa.(aa),(aa).a,(aa).A,OT+HG
350,(Aa),(aa),(Aa),(aa),(aa).a,A.(aa),(aa).A,(aa).a,(aa).A,(Aa).a,A.(aa),a.(aa),a.(Aa),Aa.(aa),(aa).a,(aa).A,OT+HG
351,(A),(a),(Aa),(aa),(a.a),(A.a),(A.a),(aa).a,(aa).A,(Aa).a,A.(aa),a.(aa),a.(Aa),Aa.(aa),(aa).a,(aa).A,OT+HG
352,(A),(A),(Aa),(aa),(a.a),(A.a),(A.a),(aa).a,(aa).A,(Aa).a,A.(aa),a.(aa),a.(Aa),Aa.(aa),(aa).a,(aa).A,OT+HG
353,(Aa),(aa),(Aa),(aa),(a.a),(A.a),(A.a),(aa).a,(aa).A,(Aa).a,A.(aa),a.(aa),a.(Aa),Aa.(aa),(aa).a,(aa).A,OT+HG
354,(A),(a),(aa),(aa),(a.a),(A).a,a.(A),(aa).a,(aa).A,(aa).a,A.(aa),a.(aa),a.(aa),Aa.(aa),(aa).a,(aa).A,OT+HG
355,(A),(A),(aa),(aa),(a.a),(A).a,a.(A),(aa).a,(aa).A,(aa).a,A.(aa),a.(aa),a.(aa),Aa.(aa),(aa).a,(aa).A,OT+HG
356,(A),(A),(aa),(aa),(A).a,(A).a,a.(A),(aa).a,(aa).A,(aa).a,A.(aa),a.(aa),a.(aa),Aa.(aa),(aa).a,(aa).A,OT+HG
357,(A),(a),(aa),(aa),(a.a),(a.a),(a.a),(aa).a,(aa).A,(aa).a,A.(aa),a.(aa),a.(aa),Aa.(aa),(aa).a,(aa).A,OT+HG
358,(A),(A),(aa),(aa),(a.a),(a.a),(a.a),(aa).a,(aa).A,(aa).a,A.(aa),a.(aa),a.(aa),Aa.(aa),(aa).a,(aa).A,OT+HG
359,(aa),(aa),(aa),(aa),(a.a),(a.a),(a.a),(aa).a,(aa).A,(aa).a,A.(aa),a.(aa),a.(aa),Aa.(aa),(aa).a,(aa).A,OT+HG
360,(aa),(aa),(aa),(aa),(aa).a,A.(aa),(aa).A,(aa).a,(aa).A,(aa).a,A.(aa),a.(aa),a.(aa),Aa.(aa),(aa).a,(aa).A,OT+HG
361,(Aa),(aa),(Aa),(aa),(a.a),A.(aa),(aa).A,(aa).a,(aa).A,Aa.(aa),A.(aa),a.(aa),(aa).Aa,Aa.(aa),(aa).a,(aa).A,OT+HG
362,(aa),(aa),(aa),(aa),(a.a),A.(aa),(aa).A,(aa).a,(aa).A,Aa.(aa),A.(aa),a.(aa),(aa).Aa,Aa.(aa),(aa).a,(aa).A,OT+HG
363,(A),(aa),(A),(aa),(a.a),A.(aa),(aa).A,(aa).a,(aa).A,Aa.(aa),A.(aa),a.(aa),(aa).Aa,Aa.(aa),(aa).a,(aa).A,OT+HG
364,(Aa),(aa),(Aa),(aa),(aa).a,A.(aa),(aa).A,(aa).a,(aa).A,Aa.(aa),A.(aa),a.(aa),(aa).Aa,Aa.(aa),(aa).a,(aa).A,OT+HG
365,(aa),(aa),(aa),(aa),(aa).a,A.(aa),(aa).A,(aa).a,(aa).A,Aa.(aa),A.(aa),a.(aa),(aa).Aa,Aa.(aa),(aa).a,(aa).A,OT+HG
366,(A),(aa),(A),(aa),(aa).a,A.(aa),(aa).A,(aa).a,(aa).A,Aa.(aa),A.(aa),a.(aa),(aa).Aa,Aa.(aa),(aa).a,(aa).A,OT+HG
367,(A),(a),(A),(aa),(a.a),(A).a,a.(A),(aa).a,(aa).A,(A).a,A.(aa),a.(aa),a.(A),Aa.(aa),(aa).a,(aa).A,OT+HG
368,(A),(A),(A),(aa),(a.a),(A).a,a.(A),(aa).a,(aa).A,(A).a,A.(aa),a.(aa),a.(A),Aa.(aa),(aa).a,(aa).A,OT+HG
369,(A),(A),(A),(aa),(A).a,(A).a,a.(A),(aa).a,(aa).A,(A).a,A.(aa),a.(aa),a.(A),Aa.(aa),(aa).a,(aa).A,OT+HG
370,(A),(a),(Aa),(aa),(a.a),(A).a,a.(A),(aa).a,(aa).A,(aa).A,A.(aa),a.(aa),A.(aa),Aa.(aa),(aa).a,(aa).A,OT+HG
371,(A),(A),(Aa),(aa),(a.a),(A).a,a.(A),(aa).a,(aa).A,(aa).A,A.(aa),a.(aa),A.(aa),Aa.(aa),(aa).a,(aa).A,OT+HG
372,(A),(a),(aa),(aa),(a.a),(A).a,a.(A),(aa).a,(aa).A,(aa).A,A.(aa),a.(aa),A.(aa),Aa.(aa),(aa).a,(aa).A,OT+HG
373,(A),(A),(aa),(aa),(a.a),(A).a,a.(A),(aa).a,(aa).A,(aa).A,A.(aa),a.(aa),A.(aa),Aa.(aa),(aa).a,(aa).A,OT+HG
374,(A),(a),(A),(aa),(a.a),(A).a,a.(A),(aa).a,(aa).A,(aa).A,A.(aa),a.(aa),A.(aa),Aa.(aa),(aa).a,(aa).A,OT+HG
375,(A),(A),(A),(aa),(a.a),(A).a,a.(A),(aa).a,(aa).A,(aa).A,A.(aa),a.(aa),A.(aa),Aa.(aa),(aa).a,(aa).A,OT+HG
376,(A),(A),(Aa),(aa),(A).a,(A).a,a.(A),(aa).a,(aa).A,(aa).A,A.(aa),a.(aa),A.(aa),Aa.(aa),(aa).a,(aa).A,OT+HG
377,(A),(A),(aa),(aa),(A).a,(A).a,a.(A),(aa).a,(aa).A,(aa).A,A.(aa),a.(aa),A.(aa),Aa.(aa),(aa).a,(aa).A,OT+HG
378,(A),(A),(A),(aa),(A).a,(A).a,a.(A),(aa).a,(aa).A,(aa).A,A.(aa),a.(aa),A.(aa),Aa.(aa),(aa).a,(aa).A,OT+HG
379,(A),(a),(aa),(aa),(a.a),(a.a),(a.a),(aa).a,(aa).A,(aa).A,A.(aa),a.(aa),A.(aa),Aa.(aa),(aa).a,(aa).A,OT+HG
380,(A),(A),(aa),(aa),(a.a),(a.a),(a.a),(aa).a,(aa).A,(aa).A,A.(aa),a.(aa),A.(aa),Aa.(aa),(aa).a,(aa).A,OT+HG
381,(aa),(aa),(aa),(aa),(a.a),(a.a),(a.a),(aa).a,(aa).A,(aa).A,A.(aa),a.(aa),A.(aa),Aa.(aa),(aa).a,(aa).A,OT+HG
382,(Aa),(aa),(Aa),(aa),(a.a),A.(aa),(aa).A,(aa).a,(aa).A,(aa).A,A.(aa),a.(aa),A.(aa),Aa.(aa),(aa).a,(aa).A,OT+HG
383,(aa),(aa),(aa),(aa),(a.a),A.(aa),(aa).A,(aa).a,(aa).A,(aa).A,A.(aa),a.(aa),A.(aa),Aa.(aa),(aa).a,(aa).A,OT+HG
384,(A),(aa),(A),(aa),(a.a),A.(aa),(aa).A,(aa).a,(aa).A,(aa).A,A.(aa),a.(aa),A.(aa),Aa.(aa),(aa).a,(aa).A,OT+HG
385,(Aa),(aa),(Aa),(aa),(aa).a,A.(aa),(aa).A,(aa).a,(aa).A,(aa).A,A.(aa),a.(aa),A.(aa),Aa.(aa),(aa).a,(aa).A,OT+HG
386,(aa),(aa),(aa),(aa),(aa).a,A.(aa),(aa).A,(aa).a,(aa).A,(aa).A,A.(aa),a.(aa),A.(aa),Aa.(aa),(aa).a,(aa).A,OT+HG
387,(A),(aa),(A),(aa),(aa).a,A.(aa),(aa).A,(aa).a,(aa).A,(aa).A,A.(aa),a.(aa),A.(aa),Aa.(aa),(aa).a,(aa).A,OT+HG
388,(A),(a),(Aa),(aa),(a.a),(A.a),(A.a),(aa).a,(aa).A,(aa).A,A.(aa),a.(aa),A.(aa),Aa.(aa),(aa).a,(aa).A,OT+HG
389,(A),(A),(Aa),(aa),(a.a),(A.a),(A.a),(aa).a,(aa).A,(aa).A,A.(aa),a.(aa),A.(aa),Aa.(aa),(aa).a,(aa).A,OT+HG
390,(Aa),(aa),(Aa),(aa),(a.a),(A.a),(A.a),(aa).a,(aa).A,(aa).A,A.(aa),a.(aa),A.(aa),Aa.(aa),(aa).a,(aa).A,OT+HG
391,(A),(a),(Aa),(aa),(a.a),(A.a),a.(A),(aa).a,(aa).A,(Aa).a,A.(aa),a.(aa),a.(Aa),(Aa).a,(aa).a,(aa).A,OT+HG
392,(A),(A),(Aa),(aa),(a.a),(A.a),a.(A),(aa).a,(aa).A,(Aa).a,A.(aa),a.(aa),a.(Aa),(Aa).a,(aa).a,(aa).A,OT+HG
393,(A),(a),(Aa),(aa),(a.a),(A).a,a.(A),(aa).a,(aa).A,(Aa).a,A.(aa),a.(aa),a.(Aa),(Aa).a,(aa).a,(aa).A,OT+HG
394,(A),(A),(Aa),(aa),(a.a),(A).a,a.(A),(aa).a,(aa).A,(Aa).a,A.(aa),a.(aa),a.(Aa),(Aa).a,(aa).a,(aa).A,OT+HG
395,(A),(aa),(Aa),(aa),(a.a),(A).a,a.(A),(aa).a,(aa).A,(Aa).a,A.(aa),a.(aa),a.(Aa),(Aa).a,(aa).a,(aa).A,OT+HG
396,(A),(A),(Aa),(aa),(A).a,(A).a,a.(A),(aa).a,(aa).A,(Aa).a,A.(aa),a.(aa),a.(Aa),(Aa).a,(aa).a,(aa).A,OT+HG
397,(A),(aa),(Aa),(aa),(aa).a,(A).a,a.(A),(aa).a,(aa).A,(Aa).a,A.(aa),a.(aa),a.(Aa),(Aa).a,(aa).a,(aa).A,OT+HG
398,(A),(a),(Aa),(aa),(a.a),(A.a),(a.a),(aa).a,(aa).A,(Aa).a,A.(aa),a.(aa),a.(Aa),(Aa).a,(aa).a,(aa).A,OT+HG
399,(A),(A),(Aa),(aa),(a.a),(A.a),(a.a),(aa).a,(aa).A,(Aa).a,A.(aa),a.(aa),a.(Aa),(Aa).a,(aa).a,(aa).A,OT+HG
400,(Aa),(aa),(Aa),(aa),(a.a),(A.a),(a.a),(aa).a,(aa).A,(Aa).a,A.(aa),a.(aa),a.(Aa),(Aa).a,(aa).a,(aa).A,OT+HG
401,(Aa),(aa),(Aa),(aa),(a.a),(A.a),(aa).A,(aa).a,(aa).A,(Aa).a,A.(aa),a.(aa),a.(Aa),(Aa).a,(aa).a,(aa).A,OT+HG
402,(A),(aa),(Aa),(aa),(a.a),A.(aa),(aa).A,(aa).a,(aa).A,(Aa).a,A.(aa),a.(aa),a.(Aa),(Aa).a,(aa).a,(aa).A,OT+HG
403,(Aa),(aa),(Aa),(aa),(a.a),A.(aa),(aa).A,(aa).a,(aa).A,(Aa).a,A.(aa),a.(aa),a.(Aa),(Aa).a,(aa).a,(aa).A,OT+HG
404,(A),(aa),(Aa),(aa),(aa).a,A.(aa),(aa).A,(aa).a,(aa).A,(Aa).a,A.(aa),a.(aa),a.(Aa),(Aa).a,(aa).a,(aa).A,OT+HG
405,(Aa),(aa),(Aa),(aa),(aa).a,A.(aa),(aa).A,(aa).a,(aa).A,(Aa).a,A.(aa),a.(aa),a.(Aa),(Aa).a,(aa).a,(aa).A,OT+HG
406,(A),(a),(Aa),(aa),(a.a),(A.a),(A.a),(aa).a,(aa).A,(Aa).a,A.(aa),a.(aa),a.(Aa),(Aa).a,(aa).a,(aa).A,OT+HG
407,(A),(A),(Aa),(aa),(a.a),(A.a),(A.a),(aa).a,(aa).A,(Aa).a,A.(aa),a.(aa),a.(Aa),(Aa).a,(aa).a,(aa).A,OT+HG
408,(Aa),(aa),(Aa),(aa),(a.a),(A.a),(A.a),(aa).a,(aa).A,(Aa).a,A.(aa),a.(aa),a.(Aa),(Aa).a,(aa).a,(aa).A,OT+HG
409,(A),(a),(Aa),(aa),(a.a),(A).a,a.(A),(aa).a,(aa).A,(aa).A,A.(aa),a.(aa),A.(aa),(Aa).a,(aa).a,(aa).A,OT+HG
410,(A),(A),(Aa),(aa),(a.a),(A).a,a.(A),(aa).a,(aa).A,(aa).A,A.(aa),a.(aa),A.(aa),(Aa).a,(aa).a,(aa).A,OT+HG
411,(A),(aa),(Aa),(aa),(a.a),(A).a,a.(A),(aa).a,(aa).A,(aa).A,A.(aa),a.(aa),A.(aa),(Aa).a,(aa).a,(aa).A,OT+HG
412,(A),(A),(Aa),(aa),(A).a,(A).a,a.(A),(aa).a,(aa).A,(aa).A,A.(aa),a.(aa),A.(aa),(Aa).a,(aa).a,(aa).A,OT+HG
413,(A),(aa),(Aa),(aa),(aa).a,(A).a,a.(A),(aa).a,(aa).A,(aa).A,A.(aa),a.(aa),A.(aa),(Aa).a,(aa).a,(aa).A,OT+HG
414,(A),(aa),(Aa),(aa),(a.a),A.(aa),(aa).A,(aa).a,(aa).A,(aa).A,A.(aa),a.(aa),A.(aa),(Aa).a,(aa).a,(aa).A,OT+HG
415,(Aa),(aa),(Aa),(aa),(a.a),A.(aa),(aa).A,(aa).a,(aa).A,(aa).A,A.(aa),a.(aa),A.(aa),(Aa).a,(aa).a,(aa).A,OT+HG
416,(A),(aa),(Aa),(aa),(aa).a,A.(aa),(aa).A,(aa).a,(aa).A,(aa).A,A.(aa),a.(aa),A.(aa),(Aa).a,(aa).a,(aa).A,OT+HG
417,(Aa),(aa),(Aa),(aa),(aa).a,A.(aa),(aa).A,(aa).a,(aa).A,(aa).A,A.(aa),a.(aa),A.(aa),(Aa).a,(aa).a,(aa).A,OT+HG
418,(A),(a),(Aa),(aa),(a.a),(A.a),(A.a),(aa).a,(aa).A,(aa).A,A.(aa),a.(aa),A.(aa),(Aa).a,(aa).a,(aa).A,OT+HG
419,(A),(A),(Aa),(aa),(a.a),(A.a),(A.a),(aa).a,(aa).A,(aa).A,A.(aa),a.(aa),A.(aa),(Aa).a,(aa).a,(aa).A,OT+HG
420,(Aa),(aa),(Aa),(aa),(a.a),(A.a),(A.a),(aa).a,(aa).A,(aa).A,A.(aa),a.(aa),A.(aa),(Aa).a,(aa).a,(aa).A,OT+HG
421,(A),(a),(A),(aa),(a.a),(A).a,a.(A),(aa).a,(aa).A,(A).a,A.(aa),a.(aa),a.(A),(A).a,(aa).a,(aa).A,OT+HG
422,(A),(A),(A),(aa),(a.a),(A).a,a.(A),(aa).a,(aa).A,(A).a,A.(aa),a.(aa),a.(A),(A).a,(aa).a,(aa).A,OT+HG
423,(A),(aa),(A),(aa),(a.a),(A).a,a.(A),(aa).a,(aa).A,(A).a,A.(aa),a.(aa),a.(A),(A).a,(aa).a,(aa).A,OT+HG
424,(A),(A),(A),(aa),(A).a,(A).a,a.(A),(aa).a,(aa).A,(A).a,A.(aa),a.(aa),a.(A),(A).a,(aa).a,(aa).A,OT+HG
425,(A),(aa),(A),(aa),(aa).a,(A).a,a.(A),(aa).a,(aa).A,(A).a,A.(aa),a.(aa),a.(A),(A).a,(aa).a,(aa).A,OT+HG
426,(A),(aa),(A),(aa),(a.a),A.(aa),(aa).A,(aa).a,(aa).A,(A).a,A.(aa),a.(aa),a.(A),(A).a,(aa).a,(aa).A,OT+HG
427,(A),(aa),(A),(aa),(aa).a,A.(aa),(aa).A,(aa).a,(aa).A,(A).a,A.(aa),a.(aa),a.(A),(A).a,(aa).a,(aa).A,OT+HG
428,(A),(a),(A),(aa),(a.a),(A).a,a.(A),(aa).a,(aa).A,(A).a,(A).a,a.(aa),a.(A),(A).a,(aa).a,(aa).A,OT+HG
429,(A),(aa),(A),(aa),(a.a),(A).a,a.(A),(aa).a,(aa).A,(A).a,(A).a,a.(aa),a.(A),(A).a,(aa).a,(aa).A,OT+HG
430,(A),(aa),(A),(aa),(aa).a,(A).a,a.(A),(aa).a,(aa).A,(A).a,(A).a,a.(aa),a.(A),(A).a,(aa).a,(aa).A,OT+HG
431,(A),(a),(A),(aa),(a.a),(A).a,a.(A),(aa).a,(aa).A,(aa).A,A.(aa),a.(aa),A.(aa),(A).a,(aa).a,(aa).A,OT+HG
432,(A),(A),(A),(aa),(a.a),(A).a,a.(A),(aa).a,(aa).A,(aa).A,A.(aa),a.(aa),A.(aa),(A).a,(aa).a,(aa).A,OT+HG
433,(A),(aa),(A),(aa),(a.a),(A).a,a.(A),(aa).a,(aa).A,(aa).A,A.(aa),a.(aa),A.(aa),(A).a,(aa).a,(aa).A,OT+HG
434,(A),(A),(A),(aa),(A).a,(A).a,a.(A),(aa).a,(aa).A,(aa).A,A.(aa),a.(aa),A.(aa),(A).a,(aa).a,(aa).A,OT+HG
435,(A),(aa),(A),(aa),(aa).a,(A).a,a.(A),(aa).a,(aa).A,(aa).A,A.(aa),a.(aa),A.(aa),(A).a,(aa).a,(aa).A,OT+HG
436,(A),(aa),(A),(aa),(a.a),A.(aa),(aa).A,(aa).a,(aa).A,(aa).A,A.(aa),a.(aa),A.(aa),(A).a,(aa).a,(aa).A,OT+HG
437,(A),(aa),(A),(aa),(aa).a,A.(aa),(aa).A,(aa).a,(aa).A,(aa).A,A.(aa),a.(aa),A.(aa),(A).a,(aa).a,(aa).A,OT+HG
438,(A),(a),(aa),(aa),(a.a),(A).a,a.(A),(aa).a,(aa).A,(aa).a,A.(aa),a.(aa),a.(aa),(aa).a,(aa).a,(aa).A,OT+HG
439,(A),(A),(aa),(aa),(a.a),(A).a,a.(A),(aa).a,(aa).A,(aa).a,A.(aa),a.(aa),a.(aa),(aa).a,(aa).a,(aa).A,OT+HG
440,(A),(aa),(aa),(aa),(a.a),(A).a,a.(A),(aa).a,(aa).A,(aa).a,A.(aa),a.(aa),a.(aa),(aa).a,(aa).a,(aa).A,OT+HG
441,(A),(A),(aa),(aa),(A).a,(A).a,a.(A),(aa).a,(aa).A,(aa).a,A.(aa),a.(aa),a.(aa),(aa).a,(aa).a,(aa).A,OT+HG
442,(A),(aa),(aa),(aa),(aa).a,(A).a,a.(A),(aa).a,(aa).A,(aa).a,A.(aa),a.(aa),a.(aa),(aa).a,(aa).a,(aa).A,OT+HG
443,(A),(a),(aa),(aa),(a.a),(a.a),(a.a),(aa).a,(aa).A,(aa).a,A.(aa),a.(aa),a.(aa),(aa).a,(aa).a,(aa).A,OT+HG
444,(A),(A),(aa),(aa),(a.a),(a.a),(a.a),(aa).a,(aa).A,(aa).a,A.(aa),a.(aa),a.(aa),(aa).a,(aa).a,(aa).A,OT+HG
445,(aa),(aa),(aa),(aa),(a.a),(a.a),(a.a),(aa).a,(aa).A,(aa).a,A.(aa),a.(aa),a.(aa),(aa).a,(aa).a,(aa).A,OT+HG
446,(A),(aa),(aa),(aa),(a.a),A.(aa),(aa).A,(aa).a,(aa).A,(aa).a,A.(aa),a.(aa),a.(aa),(aa).a,(aa).a,(aa).A,OT+HG
447,(aa),(aa),(aa),(aa),(a.a),A.(aa),(aa).A,(aa).a,(aa).A,(aa).a,A.(aa),a.(aa),a.(aa),(aa).a,(aa).a,(aa).A,OT+HG
448,(A),(aa),(aa),(aa),(aa).a,A.(aa),(aa).A,(aa).a,(aa).A,(aa).a,A.(aa),a.(aa),a.(aa),(aa).a,(aa).a,(aa).A,OT+HG
449,(aa),(aa),(aa),(aa),(aa).a,A.(aa),(aa).A,(aa).a,(aa).A,(aa).a,A.(aa),a.(aa),a.(aa),(aa).a,(aa).a,(aa).A,OT+HG
450,(A),(a),(aa),(aa),(a.a),(A).a,a.(A),(aa).a,(aa).A,(aa).A,A.(aa),a.(aa),A.(aa),(aa).a,(aa).a,(aa).A,OT+HG
451,(A),(A),(aa),(aa),(a.a),(A).a,a.(A),(aa).a,(aa).A,(aa).A,A.(aa),a.(aa),A.(aa),(aa).a,(aa).a,(aa).A,OT+HG
452,(A),(aa),(aa),(aa),(a.a),(A).a,a.(A),(aa).a,(aa).A,(aa).A,A.(aa),a.(aa),A.(aa),(aa).a,(aa).a,(aa).A,OT+HG
453,(A),(A),(aa),(aa),(A).a,(A).a,a.(A),(aa).a,(aa).A,(aa).A,A.(aa),a.(aa),A.(aa),(aa).a,(aa).a,(aa).A,OT+HG
454,(A),(aa),(aa),(aa),(aa).a,(A).a,a.(A),(aa).a,(aa).A,(aa).A,A.(aa),a.(aa),A.(aa),(aa).a,(aa).a,(aa).A,OT+HG
455,(A),(a),(aa),(aa),(a.a),(a.a),(a.a),(aa).a,(aa).A,(aa).A,A.(aa),a.(aa),A.(aa),(aa).a,(aa).a,(aa).A,OT+HG
456,(A),(A),(aa),(aa),(a.a),(a.a),(a.a),(aa).a,(aa).A,(aa).A,A.(aa),a.(aa),A.(aa),(aa).a,(aa).a,(aa).A,OT+HG
457,(aa),(aa),(aa),(aa),(a.a),(a.a),(a.a),(aa).a,(aa).A,(aa).A,A.(aa),a.(aa),A.(aa),(aa).a,(aa).a,(aa).A,OT+HG
458,(A),(aa),(aa),(aa),(a.a),A.(aa),(aa).A,(aa).a,(aa).A,(aa).A,A.(aa),a.(aa),A.(aa),(aa).a,(aa).a,(aa).A,OT+HG
459,(aa),(aa),(aa),(aa),(a.a),A.(aa),(aa).A,(aa).a,(aa).A,(aa).A,A.(aa),a.(aa),A.(aa),(aa).a,(aa).a,(aa).A,OT+HG
460,(A),(aa),(aa),(aa),(aa).a,A.(aa),(aa).A,(aa).a,(aa).A,(aa).A,A.(aa),a.(aa),A.(aa),(aa).a,(aa).a,(aa).A,OT+HG
461,(aa),(aa),(aa),(aa),(aa).a,A.(aa),(aa).A,(aa).a,(aa).A,(aa).A,A.(aa),a.(aa),A.(aa),(aa).a,(aa).a,(aa).A,OT+HG
462,(A),(A),(A),(A),(A).a,(A).a,a.(A),(A).a,(aa).A,(A).a,(A).a,(A).a,a.(A),(A).a,(A).a,(aa).A,OT+HG
463,(A),(a),(A),(aa),(a.a),(A).a,a.(A),(aa).a,aa.(A),(A).a,(A).aa,a.(aa),a.(A),(A).aa,(aa).aa,aa.(A),OT+HG
464,(A),(aa),(A),(aa),(a.a),(A).a,a.(A),(aa).a,aa.(A),(A).a,(A).aa,a.(aa),a.(A),(A).aa,(aa).aa,aa.(A),OT+HG
465,(A),(aa),(A),(aa),(aa).a,(A).a,a.(A),(aa).a,aa.(A),(A).a,(A).aa,a.(aa),a.(A),(A).aa,(aa).aa,aa.(A),OT+HG
466,(A),(a),(A),(aa),(a.a),(A).a,a.(A),(aa).a,aa.(A),aa.(A),(A).aa,a.(aa),(A).aa,(A).aa,(aa).aa,aa.(A),OT+HG
467,(A),(aa),(A),(aa),(a.a),(A).a,a.(A),(aa).a,aa.(A),aa.(A),(A).aa,a.(aa),(A).aa,(A).aa,(aa).aa,aa.(A),OT+HG
468,(A),(aa),(A),(aa),(aa).a,(A).a,a.(A),(aa).a,aa.(A),aa.(A),(A).aa,a.(aa),(A).aa,(A).aa,(aa).aa,aa.(A),OT+HG
469,(A),(a),(A),(aa),(a.a),(A).a,a.(A),(aa).a,aa.(A),(A).a,(A).a,a.(aa),a.(A),(A).a,(aa).a,aa.(A),OT+HG
470,(A),(aa),(A),(aa),(a.a),(A).a,a.(A),(aa).a,aa.(A),(A).a,(A).a,a.(aa),a.(A),(A).a,(aa).a,aa.(A),OT+HG
471,(A),(aa),(A),(aa),(aa).a,(A).a,a.(A),(aa).a,aa.(A),(A).a,(A).a,a.(aa),a.(A),(A).a,(aa).a,aa.(A),OT+HG
472,(A),(A),(A),(A),(A).a,(A).a,a.(A),aa.(A),aa.(A),(A).a,(A).aa,(A).aa,a.(A),(A).aa,(A).aa,aa.(A),OT+HG
473,(A),(A),(A),(A),(A).a,(A).a,a.(A),aa.(A),aa.(A),aa.(A),(A).aa,(A).aa,(A).aa,(A).aa,(A).aa,aa.(A),OT+HG
474,(A),(A),(A),(A),(A).a,(A).a,a.(A),(A).a,aa.(A),(A).a,(A).a,(A).a,a.(A),(A).a,(A).a,aa.(A),OT+HG
475,(A),(A),(Aa),(aa),(a.a),(A.a),a.(A),(aa).a,aa.(A),(Aa).a,(A).aa,a.(aa),a.(Aa),(Aa).aa,(aa).aa,aa.(Aa),HG
476,(A),(aa),(Aa),(aa),(a.a),(A.a),a.(A),(aa).a,aa.(A),(Aa).a,(A).aa,a.(aa),a.(Aa),(Aa).aa,(aa).aa,aa.(Aa),HG
477,(A),(A),(Aa),(aa),(a.a),(A).a,a.(A),(aa).a,aa.(A),(Aa).a,(A).aa,a.(aa),a.(Aa),(Aa).aa,(aa).aa,aa.(Aa),HG
478,(A),(A),(Aa),(aa),(A).a,(A).a,a.(A),(aa).a,aa.(A),(Aa).a,(A).aa,a.(aa),a.(Aa),(Aa).aa,(aa).aa,aa.(Aa),HG
479,(A),(A),(Aa),(aa),(a.a),(A.a),a.(A),(aa).a,a.(Aa),(Aa).a,(A).aa,a.(aa),a.(Aa),(Aa).aa,(aa).aa,aa.(Aa),HG
480,(A),(aa),(Aa),(aa),(a.a),(A.a),a.(A),(aa).a,a.(Aa),(Aa).a,(A).aa,a.(aa),a.(Aa),(Aa).aa,(aa).aa,aa.(Aa),HG
481,(A),(A),(Aa),(aa),(a.a),(A).a,a.(A),(aa).a,a.(Aa),(Aa).a,(A).aa,a.(aa),a.(Aa),(Aa).aa,(aa).aa,aa.(Aa),HG
482,(A),(aa),(Aa),(aa),(a.a),(A).a,a.(A),(aa).a,a.(Aa),(Aa).a,(A).aa,a.(aa),a.(Aa),(Aa).aa,(aa).aa,aa.(Aa),HG
483,(A),(A),(Aa),(aa),(A).a,(A).a,a.(A),(aa).a,a.(Aa),(Aa).a,(A).aa,a.(aa),a.(Aa),(Aa).aa,(aa).aa,aa.(Aa),HG
484,(A),(aa),(Aa),(aa),(aa).a,(A).a,a.(A),(aa).a,a.(Aa),(Aa).a,(A).aa,a.(aa),a.(Aa),(Aa).aa,(aa).aa,aa.(Aa),HG
485,(A),(A),(Aa),(aa),(a.a),(A.a),a.(A),(aa).a,(aa).A,(Aa).a,A.(aa),a.(aa),a.(Aa),(Aa).aa,(aa).aa,aa.(Aa),HG
486,(A),(aa),(Aa),(aa),(a.a),(A.a),a.(A),(aa).a,(aa).A,(Aa).a,A.(aa),a.(aa),a.(Aa),(Aa).aa,(aa).aa,aa.(Aa),HG
487,(A),(A),(Aa),(aa),(a.a),(A).a,a.(A),(aa).a,(aa).A,(Aa).a,A.(aa),a.(aa),a.(Aa),(Aa).aa,(aa).aa,aa.(Aa),HG
488,(A),(A),(Aa),(aa),(A).a,(A).a,a.(A),(aa).a,(aa).A,(Aa).a,A.(aa),a.(aa),a.(Aa),(Aa).aa,(aa).aa,aa.(Aa),HG
489,(A),(A),(Aa),(aa),(a.a),(A.a),(a.a),(aa).a,(aa).A,(Aa).a,A.(aa),a.(aa),a.(Aa),(Aa).aa,(aa).aa,aa.(Aa),HG
490,(A),(aa),(Aa),(aa),(a.a),(A.a),(a.a),(aa).a,(aa).A,(Aa).a,A.(aa),a.(aa),a.(Aa),(Aa).aa,(aa).aa,aa.(Aa),HG
491,(A),(A),(Aa),(aa),(a.a),(A.a),(A.a),(aa).a,(aa).A,(Aa).a,A.(aa),a.(aa),a.(Aa),(Aa).aa,(aa).aa,aa.(Aa),HG
492,(A),(aa),(Aa),(aa),(a.a),(A.a),(A.a),(aa).a,(aa).A,(Aa).a,A.(aa),a.(aa),a.(Aa),(Aa).aa,(aa).aa,aa.(Aa),HG
493,(A),(A),(Aa),(aa),(a.a),(A.a),a.(A),(aa).a,a.(Aa),(Aa).a,A.(aa),a.(aa),a.(Aa),(Aa).aa,(aa).aa,aa.(Aa),HG
494,(A),(aa),(Aa),(aa),(a.a),(A.a),a.(A),(aa).a,a.(Aa),(Aa).a,A.(aa),a.(aa),a.(Aa),(Aa).aa,(aa).aa,aa.(Aa),HG
495,(A),(A),(Aa),(aa),(a.a),(A).a,a.(A),(aa).a,a.(Aa),(Aa).a,A.(aa),a.(aa),a.(Aa),(Aa).aa,(aa).aa,aa.(Aa),HG
496,(A),(aa),(Aa),(aa),(a.a),(A).a,a.(A),(aa).a,a.(Aa),(Aa).a,A.(aa),a.(aa),a.(Aa),(Aa).aa,(aa).aa,aa.(Aa),HG
497,(A),(A),(Aa),(aa),(A).a,(A).a,a.(A),(aa).a,a.(Aa),(Aa).a,A.(aa),a.(aa),a.(Aa),(Aa).aa,(aa).aa,aa.(Aa),HG
498,(A),(aa),(Aa),(aa),(aa).a,(A).a,a.(A),(aa).a,a.(Aa),(Aa).a,A.(aa),a.(aa),a.(Aa),(Aa).aa,(aa).aa,aa.(Aa),HG
499,(A),(A),(Aa),(aa),(a.a),(A.a),(a.a),(aa).a,a.(Aa),(Aa).a,A.(aa),a.(aa),a.(Aa),(Aa).aa,(aa).aa,aa.(Aa),HG
500,(A),(aa),(Aa),(aa),(a.a),(A.a),(a.a),(aa).a,a.(Aa),(Aa).a,A.(aa),a.(aa),a.(Aa),(Aa).aa,(aa).aa,aa.(Aa),HG
501,(A),(A),(Aa),(aa),(a.a),(A.a),(A.a),(aa).a,a.(Aa),(Aa).a,A.(aa),a.(aa),a.(Aa),(Aa).aa,(aa).aa,aa.(Aa),HG
502,(A),(aa),(Aa),(aa),(a.a),(A.a),(A.a),(aa).a,a.(Aa),(Aa).a,A.(aa),a.(aa),a.(Aa),(Aa).aa,(aa).aa,aa.(Aa),HG
503,(Aa),(aa),(Aa),(aa),(a.a),(A.a),a.(Aa),(aa).a,a.(Aa),(Aa).a,(Aa).aa,a.(aa),a.(Aa),(Aa).aa,(aa).aa,aa.(Aa),HG
504,(A),(a),(Aa),(aa),(a.a),(A.a),a.(A),(aa).a,aa.(A),(Aa).a,(A.a),a.(aa),a.(Aa),(Aa).aa,(aa).aa,aa.(Aa),HG
505,(A),(A),(Aa),(aa),(a.a),(A.a),a.(A),(aa).a,aa.(A),(Aa).a,(A.a),a.(aa),a.(Aa),(Aa).aa,(aa).aa,aa.(Aa),HG
506,(A),(aa),(Aa),(aa),(a.a),(A.a),a.(A),(aa).a,aa.(A),(Aa).a,(A.a),a.(aa),a.(Aa),(Aa).aa,(aa).aa,aa.(Aa),HG
507,(A),(a),(Aa),(aa),(a.a),(A.a),a.(A),(aa).a,(aa).A,(Aa).a,(A.a),a.(aa),a.(Aa),(Aa).aa,(aa).aa,aa.(Aa),HG
508,(A),(A),(Aa),(aa),(a.a),(A.a),a.(A),(aa).a,(aa).A,(Aa).a,(A.a),a.(aa),a.(Aa),(Aa).aa,(aa).aa,aa.(Aa),HG
509,(A),(aa),(Aa),(aa),(a.a),(A.a),a.(A),(aa).a,(aa).A,(Aa).a,(A.a),a.(aa),a.(Aa),(Aa).aa,(aa).aa,aa.(Aa),HG
510,(A),(a),(Aa),(aa),(a.a),(A.a),(a.a),(aa).a,(aa).A,(Aa).a,(A.a),a.(aa),a.(Aa),(Aa).aa,(aa).aa,aa.(Aa),HG
511,(A),(A),(Aa),(aa),(a.a),(A.a),(a.a),(aa).a,(aa).A,(Aa).a,(A.a),a.(aa),a.(Aa),(Aa).aa,(aa).aa,aa.(Aa),HG
512,(A),(aa),(Aa),(aa),(a.a),(A.a),(a.a),(aa).a,(aa).A,(Aa).a,(A.a),a.(aa),a.(Aa),(Aa).aa,(aa).aa,aa.(Aa),HG
513,(Aa),(aa),(Aa),(aa),(a.a),(A.a),(a.a),(aa).a,(aa).A,(Aa).a,(A.a),a.(aa),a.(Aa),(Aa).aa,(aa).aa,aa.(Aa),HG
514,(Aa),(aa),(Aa),(aa),(a.a),(A.a),a.(Aa),(aa).a,(aa).A,(Aa).a,(A.a),a.(aa),a.(Aa),(Aa).aa,(aa).aa,aa.(Aa),HG
515,(A),(a),(Aa),(aa),(a.a),(A.a),(A.a),(aa).a,(aa).A,(Aa).a,(A.a),a.(aa),a.(Aa),(Aa).aa,(aa).aa,aa.(Aa),HG
516,(A),(A),(Aa),(aa),(a.a),(A.a),(A.a),(aa).a,(aa).A,(Aa).a,(A.a),a.(aa),a.(Aa),(Aa).aa,(aa).aa,aa.(Aa),HG
517,(A),(aa),(Aa),(aa),(a.a),(A.a),(A.a),(aa).a,(aa).A,(Aa).a,(A.a),a.(aa),a.(Aa),(Aa).aa,(aa).aa,aa.(Aa),HG
518,(Aa),(aa),(Aa),(aa),(a.a),(A.a),(A.a),(aa).a,(aa).A,(Aa).a,(A.a),a.(aa),a.(Aa),(Aa).aa,(aa).aa,aa.(Aa),HG
519,(Aa),(aa),(Aa),(aa),(a.a),(A.a),a.(Aa),(aa).a,aa.(Aa),(Aa).a,(A.a),a.(aa),a.(Aa),(Aa).aa,(aa).aa,aa.(Aa),HG
520,(A),(A),(Aa),(aa),(a.a),(A.a),a.(A),(aa).a,a.(Aa),(Aa).a,(A.a),a.(aa),a.(Aa),(Aa).aa,(aa).aa,aa.(Aa),HG
521,(A),(aa),(Aa),(aa),(a.a),(A.a),a.(A),(aa).a,a.(Aa),(Aa).a,(A.a),a.(aa),a.(Aa),(Aa).aa,(aa).aa,aa.(Aa),HG
522,(A),(A),(Aa),(aa),(a.a),(A.a),(a.a),(aa).a,a.(Aa),(Aa).a,(A.a),a.(aa),a.(Aa),(Aa).aa,(aa).aa,aa.(Aa),HG
523,(A),(aa),(Aa),(aa),(a.a),(A.a),(a.a),(aa).a,a.(Aa),(Aa).a,(A.a),a.(aa),a.(Aa),(Aa).aa,(aa).aa,aa.(Aa),HG
524,(A),(A),(Aa),(aa),(a.a),(A.a),(A.a),(aa).a,a.(Aa),(Aa).a,(A.a),a.(aa),a.(Aa),(Aa).aa,(aa).aa,aa.(Aa),HG
525,(A),(aa),(Aa),(aa),(a.a),(A.a),(A.a),(aa).a,a.(Aa),(Aa).a,(A.a),a.(aa),a.(Aa),(Aa).aa,(aa).aa,aa.(Aa),HG
526,(A),(a),(Aa),(aa),(a.a),(A.a),a.(A),(aa).a,(Aa).a,(Aa).a,(A.a),a.(aa),a.(Aa),(Aa).aa,(aa).aa,aa.(Aa),HG
527,(A),(A),(Aa),(aa),(a.a),(A.a),a.(A),(aa).a,(Aa).a,(Aa).a,(A.a),a.(aa),a.(Aa),(Aa).aa,(aa).aa,aa.(Aa),HG
528,(A),(aa),(Aa),(aa),(a.a),(A.a),a.(A),(aa).a,(Aa).a,(Aa).a,(A.a),a.(aa),a.(Aa),(Aa).aa,(aa).aa,aa.(Aa),HG
529,(Aa),(aa),(Aa),(aa),(a.a),(A.a),a.(Aa),(aa).a,(Aa).a,(Aa).a,(A.a),a.(aa),a.(Aa),(Aa).aa,(aa).aa,aa.(Aa),HG
530,(A),(a),(Aa),(aa),(a.a),(A.a),(A.a),(aa).a,(Aa).a,(Aa).a,(A.a),a.(aa),a.(Aa),(Aa).aa,(aa).aa,aa.(Aa),HG
531,(A),(A),(Aa),(aa),(a.a),(A.a),(A.a),(aa).a,(Aa).a,(Aa).a,(A.a),a.(aa),a.(Aa),(Aa).aa,(aa).aa,aa.(Aa),HG
532,(A),(aa),(Aa),(aa),(a.a),(A.a),(A.a),(aa).a,(Aa).a,(Aa).a,(A.a),a.(aa),a.(Aa),(Aa).aa,(aa).aa,aa.(Aa),HG
533,(Aa),(aa),(Aa),(aa),(a.a),(A.a),(A.a),(aa).a,(Aa).a,(Aa).a,(A.a),a.(aa),a.(Aa),(Aa).aa,(aa).aa,aa.(Aa),HG
534,(A),(A),(Aa),(aa),(a.a),(A.a),a.(A),(aa).a,a.(Aa),(Aa).a,a.(Aa),a.(aa),a.(Aa),(Aa).aa,(aa).aa,aa.(Aa),HG
535,(A),(aa),(Aa),(aa),(a.a),(A.a),a.(A),(aa).a,a.(Aa),(Aa).a,a.(Aa),a.(aa),a.(Aa),(Aa).aa,(aa).aa,aa.(Aa),HG
536,(A),(A),(Aa),(aa),(a.a),(A).a,a.(A),(aa).a,a.(Aa),(Aa).a,a.(Aa),a.(aa),a.(Aa),(Aa).aa,(aa).aa,aa.(Aa),HG
537,(A),(aa),(Aa),(aa),(a.a),(A).a,a.(A),(aa).a,a.(Aa),(Aa).a,a.(Aa),a.(aa),a.(Aa),(Aa).aa,(aa).aa,aa.(Aa),HG
538,(A),(A),(Aa),(aa),(A).a,(A).a,a.(A),(aa).a,a.(Aa),(Aa).a,a.(Aa),a.(aa),a.(Aa),(Aa).aa,(aa).aa,aa.(Aa),HG
539,(A),(aa),(Aa),(aa),(aa).a,(A).a,a.(A),(aa).a,a.(Aa),(Aa).a,a.(Aa),a.(aa),a.(Aa),(Aa).aa,(aa).aa,aa.(Aa),HG
540,(Aa),(aa),(Aa),(aa),(a.a),(A.a),a.(Aa),(aa).a,a.(Aa),(Aa).a,a.(Aa),a.(aa),a.(Aa),(Aa).aa,(aa).aa,aa.(Aa),HG
541,(A),(A),(Aa),(aa),(a.a),(A.a),(A.a),(aa).a,a.(Aa),(Aa).a,a.(Aa),a.(aa),a.(Aa),(Aa).aa,(aa).aa,aa.(Aa),HG
542,(A),(aa),(Aa),(aa),(a.a),(A.a),(A.a),(aa).a,a.(Aa),(Aa).a,a.(Aa),a.(aa),a.(Aa),(Aa).aa,(aa).aa,aa.(Aa),HG
543,(A),(A),(Aa),(aa),(a.a),(A.a),a.(A),(aa).a,(Aa).a,(Aa).a,a.(Aa),a.(aa),a.(Aa),(Aa).aa,(aa).aa,aa.(Aa),HG
544,(A),(aa),(Aa),(aa),(a.a),(A.a),a.(A),(aa).a,(Aa).a,(Aa).a,a.(Aa),a.(aa),a.(Aa),(Aa).aa,(aa).aa,aa.(Aa),HG
545,(A),(A),(Aa),(aa),(a.a),(A).a,a.(A),(aa).a,(Aa).a,(Aa).a,a.(Aa),a.(aa),a.(Aa),(Aa).aa,(aa).aa,aa.(Aa),HG
546,(A),(A),(Aa),(aa),(A).a,(A).a,a.(A),(aa).a,(Aa).a,(Aa).a,a.(Aa),a.(aa),a.(Aa),(Aa).aa,(aa).aa,aa.(Aa),HG
547,(A),(A),(Aa),(aa),(a.a),(A.a),(A.a),(aa).a,(Aa).a,(Aa).a,a.(Aa),a.(aa),a.(Aa),(Aa).aa,(aa).aa,aa.(Aa),HG
548,(A),(aa),(Aa),(aa),(a.a),(A.a),(A.a),(aa).a,(Aa).a,(Aa).a,a.(Aa),a.(aa),a.(Aa),(Aa).aa,(aa).aa,aa.(Aa),HG
549,(A),(A),(Aa),(aa),(A).a,(A).a,a.(A),aa.(A),aa.(A),(Aa).a,(A).aa,(A).aa,a.(Aa),(Aa).aa,(aa).aa,aa.(Aa),HG
550,(A),(A),(Aa),(aa),(a.a),(A).a,a.(A),(aa).a,aa.(A),aa.(A),(A).aa,a.(aa),(A).aa,(Aa).aa,(aa).aa,aa.(Aa),HG
551,(A),(A),(Aa),(aa),(A).a,(A).a,a.(A),(aa).a,aa.(A),aa.(A),(A).aa,a.(aa),(A).aa,(Aa).aa,(aa).aa,aa.(Aa),HG
552,(A),(A),(Aa),(aa),(A).a,(A).a,a.(A),aa.(A),aa.(A),aa.(A),(A).aa,(A).aa,(A).aa,(Aa).aa,(aa).aa,aa.(Aa),HG
553,(Aa),(Aa),(Aa),(Aa),(A.a),(A.a),a.(Aa),(Aa).a,a.(Aa),(Aa).a,(Aa).aa,a.(Aa),a.(Aa),(Aa).aa,(Aa).aa,aa.(Aa),HG
554,(A),(A),(Aa),(Aa),(A.a),(A.a),a.(A),(Aa).a,aa.(A),(Aa).a,(A.a),a.(Aa),a.(Aa),(Aa).aa,(Aa).aa,aa.(Aa),HG
555,(A),(A),(Aa),(Aa),(A.a),(A.a),a.(A),(Aa).a,(aa).A,(Aa).a,(A.a),a.(Aa),a.(Aa),(Aa).aa,(Aa).aa,aa.(Aa),HG
556,(A),(A),(Aa),(Aa),(A.a),(A.a),(a.a),(Aa).a,(aa).A,(Aa).a,(A.a),a.(Aa),a.(Aa),(Aa).aa,(Aa).aa,aa.(Aa),HG
557,(Aa),(Aa),(Aa),(Aa),(A.a),(A.a),(a.a),(Aa).a,(aa).A,(Aa).a,(A.a),a.(Aa),a.(Aa),(Aa).aa,(Aa).aa,aa.(Aa),HG
558,(Aa),(Aa),(Aa),(Aa),(A.a),(A.a),a.(Aa),(Aa).a,(aa).A,(Aa).a,(A.a),a.(Aa),a.(Aa),(Aa).aa,(Aa).aa,aa.(Aa),HG
559,(A),(A),(Aa),(Aa),(A.a),(A.a),(A.a),(Aa).a,(aa).A,(Aa).a,(A.a),a.(Aa),a.(Aa),(Aa).aa,(Aa).aa,aa.(Aa),HG
560,(Aa),(Aa),(Aa),(Aa),(A.a),(A.a),(A.a),(Aa).a,(aa).A,(Aa).a,(A.a),a.(Aa),a.(Aa),(Aa).aa,(Aa).aa,aa.(Aa),HG
561,(Aa),(Aa),(Aa),(Aa),(A.a),(A.a),a.(Aa),(Aa).a,aa.(Aa),(Aa).a,(A.a),a.(Aa),a.(Aa),(Aa).aa,(Aa).aa,aa.(Aa),HG
562,(A),(A),(Aa),(Aa),(A.a),(A.a),a.(A),(Aa).a,(Aa).a,(Aa).a,(A.a),a.(Aa),a.(Aa),(Aa).aa,(Aa).aa,aa.(Aa),HG
563,(Aa),(Aa),(Aa),(Aa),(A.a),(A.a),a.(Aa),(Aa).a,(Aa).a,(Aa).a,(A.a),a.(Aa),a.(Aa),(Aa).aa,(Aa).aa,aa.(Aa),HG
564,(A),(A),(Aa),(Aa),(A.a),(A.a),(A.a),(Aa).a,(Aa).a,(Aa).a,(A.a),a.(Aa),a.(Aa),(Aa).aa,(Aa).aa,aa.(Aa),HG
565,(Aa),(Aa),(Aa),(Aa),(A.a),(A.a),(A.a),(Aa).a,(Aa).a,(Aa).a,(A.a),a.(Aa),a.(Aa),(Aa).aa,(Aa).aa,aa.(Aa),HG
566,(Aa),(Aa),(Aa),(Aa),(A.a),(A.a),a.(Aa),(Aa).a,a.(Aa),(Aa).a,a.(Aa),a.(Aa),a.(Aa),(Aa).aa,(Aa).aa,aa.(Aa),HG
567,(A),(a),(Aa),(aa),(a.a),(A).a,a.(A),(aa).a,aa.(A),(Aa).a,(A).aa,a.(aa),a.(Aa),Aa.(aa),(aa).aa,(aa).Aa,HG
568,(A),(A),(Aa),(aa),(a.a),(A).a,a.(A),(aa).a,aa.(A),(Aa).a,(A).aa,a.(aa),a.(Aa),Aa.(aa),(aa).aa,(aa).Aa,HG
569,(A),(aa),(Aa),(aa),(a.a),(A).a,a.(A),(aa).a,aa.(A),(Aa).a,(A).aa,a.(aa),a.(Aa),Aa.(aa),(aa).aa,(aa).Aa,HG
570,(A),(A),(Aa),(aa),(A).a,(A).a,a.(A),(aa).a,aa.(A),(Aa).a,(A).aa,a.(aa),a.(Aa),Aa.(aa),(aa).aa,(aa).Aa,HG
571,(A),(aa),(Aa),(aa),(aa).a,(A).a,a.(A),(aa).a,aa.(A),(Aa).a,(A).aa,a.(aa),a.(Aa),Aa.(aa),(aa).aa,(aa).Aa,HG
572,(A),(aa),(Aa),(aa),(a.a),(A.a),a.(A),(aa).a,(aa).A,(Aa).a,A.(aa),a.(aa),a.(Aa),Aa.(aa),(aa).aa,(aa).Aa,HG
573,(A),(aa),(Aa),(aa),(a.a),(A.a),(a.a),(aa).a,(aa).A,(Aa).a,A.(aa),a.(aa),a.(Aa),Aa.(aa),(aa).aa,(aa).Aa,HG
574,(A),(aa),(Aa),(aa),(a.a),(A.a),(aa).A,(aa).a,(aa).A,(Aa).a,A.(aa),a.(aa),a.(Aa),Aa.(aa),(aa).aa,(aa).Aa,HG
575,(A),(aa),(Aa),(aa),(a.a),(A.a),(A.a),(aa).a,(aa).A,(Aa).a,A.(aa),a.(aa),a.(Aa),Aa.(aa),(aa).aa,(aa).Aa,HG
576,(A),(A),(Aa),(aa),(A).a,(A).a,a.(A),aa.(A),aa.(A),(Aa).a,(A).aa,(A).aa,a.(Aa),Aa.(aa),(aa).aa,(aa).Aa,HG
577,(A),(A),(Aa),(aa),(a.a),(A).a,a.(A),(aa).a,aa.(A),Aa.(a),(A).aa,a.(aa),(a).Aa,Aa.(aa),(aa).aa,(aa).Aa,HG
578,(A),(A),(aa),(aa),(a.a),(A).a,a.(A),(aa).a,aa.(A),Aa.(a),(A).aa,a.(aa),(a).Aa,Aa.(aa),(aa).aa,(aa).Aa,HG
579,(A),(A),(A),(aa),(a.a),(A).a,a.(A),(aa).a,aa.(A),Aa.(a),(A).aa,a.(aa),(a).Aa,Aa.(aa),(aa).aa,(aa).Aa,HG
580,(A),(A),(Aa),(aa),(A).a,(A).a,a.(A),(aa).a,aa.(A),Aa.(a),(A).aa,a.(aa),(a).Aa,Aa.(aa),(aa).aa,(aa).Aa,HG
581,(A),(A),(aa),(aa),(A).a,(A).a,a.(A),(aa).a,aa.(A),Aa.(a),(A).aa,a.(aa),(a).Aa,Aa.(aa),(aa).aa,(aa).Aa,HG
582,(A),(A),(A),(aa),(A).a,(A).a,a.(A),(aa).a,aa.(A),Aa.(a),(A).aa,a.(aa),(a).Aa,Aa.(aa),(aa).aa,(aa).Aa,HG
583,(A),(A),(aa),(aa),(a.a),(A).a,a.(A),(aa).a,aa.(A),(aa).a,(A).aa,a.(aa),a.(aa),Aa.(aa),(aa).aa,(aa).Aa,HG
584,(A),(A),(aa),(aa),(A).a,(A).a,a.(A),(aa).a,aa.(A),(aa).a,(A).aa,a.(aa),a.(aa),Aa.(aa),(aa).aa,(aa).Aa,HG
585,(A),(aa),(aa),(aa),(a.a),(a.a),(a.a),(aa).a,(aa).A,(aa).a,A.(aa),a.(aa),a.(aa),Aa.(aa),(aa).aa,(aa).Aa,HG
586,(A),(A),(Aa),(aa),(a.a),(A).a,a.(A),(aa).a,aa.(A),Aa.(aa),(A).aa,a.(aa),(aa).Aa,Aa.(aa),(aa).aa,(aa).Aa,HG
587,(A),(A),(aa),(aa),(a.a),(A).a,a.(A),(aa).a,aa.(A),Aa.(aa),(A).aa,a.(aa),(aa).Aa,Aa.(aa),(aa).aa,(aa).Aa,HG
588,(A),(A),(A),(aa),(a.a),(A).a,a.(A),(aa).a,aa.(A),Aa.(aa),(A).aa,a.(aa),(aa).Aa,Aa.(aa),(aa).aa,(aa).Aa,HG
589,(A),(A),(Aa),(aa),(A).a,(A).a,a.(A),(aa).a,aa.(A),Aa.(aa),(A).aa,a.(aa),(aa).Aa,Aa.(aa),(aa).aa,(aa).Aa,HG
590,(A),(A),(aa),(aa),(A).a,(A).a,a.(A),(aa).a,aa.(A),Aa.(aa),(A).aa,a.(aa),(aa).Aa,Aa.(aa),(aa).aa,(aa).Aa,HG
591,(A),(A),(A),(aa),(A).a,(A).a,a.(A),(aa).a,aa.(A),Aa.(aa),(A).aa,a.(aa),(aa).Aa,Aa.(aa),(aa).aa,(aa).Aa,HG
592,(A),(A),(Aa),(aa),(a.a),(A).a,a.(A),(aa).a,(aa).A,Aa.(aa),A.(aa),a.(aa),(aa).Aa,Aa.(aa),(aa).aa,(aa).Aa,HG
593,(A),(A),(aa),(aa),(a.a),(A).a,a.(A),(aa).a,(aa).A,Aa.(aa),A.(aa),a.(aa),(aa).Aa,Aa.(aa),(aa).aa,(aa).Aa,HG
594,(A),(A),(A),(aa),(a.a),(A).a,a.(A),(aa).a,(aa).A,Aa.(aa),A.(aa),a.(aa),(aa).Aa,Aa.(aa),(aa).aa,(aa).Aa,HG
595,(A),(a),(A),(aa),(a.a),(A).a,a.(A),(aa).a,aa.(A),(A).a,(A).aa,a.(aa),a.(A),Aa.(aa),(aa).aa,(aa).Aa,HG
596,(A),(A),(A),(aa),(a.a),(A).a,a.(A),(aa).a,aa.(A),(A).a,(A).aa,a.(aa),a.(A),Aa.(aa),(aa).aa,(aa).Aa,HG
597,(A),(aa),(A),(aa),(a.a),(A).a,a.(A),(aa).a,aa.(A),(A).a,(A).aa,a.(aa),a.(A),Aa.(aa),(aa).aa,(aa).Aa,HG
598,(A),(A),(A),(aa),(A).a,(A).a,a.(A),(aa).a,aa.(A),(A).a,(A).aa,a.(aa),a.(A),Aa.(aa),(aa).aa,(aa).Aa,HG
599,(A),(aa),(A),(aa),(aa).a,(A).a,a.(A),(aa).a,aa.(A),(A).a,(A).aa,a.(aa),a.(A),Aa.(aa),(aa).aa,(aa).Aa,HG
600,(A),(aa),(A),(aa),(a.a),(A).a,a.(A),(aa).a,(aa).A,(A).a,A.(aa),a.(aa),a.(A),Aa.(aa),(aa).aa,(aa).Aa,HG
601,(A),(aa),(A),(aa),(aa).a,(A).a,a.(A),(aa).a,(aa).A,(A).a,A.(aa),a.(aa),a.(A),Aa.(aa),(aa).aa,(aa).Aa,HG
602,(A),(A),(A),(aa),(A).a,(A).a,a.(A),aa.(A),aa.(A),(A).a,(A).aa,(A).aa,a.(A),Aa.(aa),(aa).aa,(aa).Aa,HG
603,(A),(A),(Aa),(aa),(a.a),(A).a,a.(A),(aa).a,aa.(A),aa.(A),(A).aa,a.(aa),(A).aa,Aa.(aa),(aa).aa,(aa).Aa,HG
604,(A),(A),(aa),(aa),(a.a),(A).a,a.(A),(aa).a,aa.(A),aa.(A),(A).aa,a.(aa),(A).aa,Aa.(aa),(aa).aa,(aa).Aa,HG
605,(A),(A),(A),(aa),(a.a),(A).a,a.(A),(aa).a,aa.(A),aa.(A),(A).aa,a.(aa),(A).aa,Aa.(aa),(aa).aa,(aa).Aa,HG
606,(A),(A),(Aa),(aa),(A).a,(A).a,a.(A),(aa).a,aa.(A),aa.(A),(A).aa,a.(aa),(A).aa,Aa.(aa),(aa).aa,(aa).Aa,HG
607,(A),(A),(aa),(aa),(A).a,(A).a,a.(A),(aa).a,aa.(A),aa.(A),(A).aa,a.(aa),(A).aa,Aa.(aa),(aa).aa,(aa).Aa,HG
608,(A),(A),(A),(aa),(A).a,(A).a,a.(A),(aa).a,aa.(A),aa.(A),(A).aa,a.(aa),(A).aa,Aa.(aa),(aa).aa,(aa).Aa,HG
609,(A),(a),(Aa),(aa),(a.a),(A.a),a.(A),(aa).a,(aa).A,(aa).A,A.(aa),a.(aa),A.(aa),Aa.(aa),(aa).aa,(aa).Aa,HG
610,(A),(A),(Aa),(aa),(a.a),(A.a),a.(A),(aa).a,(aa).A,(aa).A,A.(aa),a.(aa),A.(aa),Aa.(aa),(aa).aa,(aa).Aa,HG
611,(A),(aa),(Aa),(aa),(a.a),(A.a),a.(A),(aa).a,(aa).A,(aa).A,A.(aa),a.(aa),A.(aa),Aa.(aa),(aa).aa,(aa).Aa,HG
612,(A),(a),(Aa),(aa),(a.a),(A.a),(a.a),(aa).a,(aa).A,(aa).A,A.(aa),a.(aa),A.(aa),Aa.(aa),(aa).aa,(aa).Aa,HG
613,(A),(A),(Aa),(aa),(a.a),(A.a),(a.a),(aa).a,(aa).A,(aa).A,A.(aa),a.(aa),A.(aa),Aa.(aa),(aa).aa,(aa).Aa,HG
614,(A),(aa),(Aa),(aa),(a.a),(A.a),(a.a),(aa).a,(aa).A,(aa).A,A.(aa),a.(aa),A.(aa),Aa.(aa),(aa).aa,(aa).Aa,HG
615,(Aa),(aa),(Aa),(aa),(a.a),(A.a),(a.a),(aa).a,(aa).A,(aa).A,A.(aa),a.(aa),A.(aa),Aa.(aa),(aa).aa,(aa).Aa,HG
616,(A),(aa),(aa),(aa),(a.a),(a.a),(a.a),(aa).a,(aa).A,(aa).A,A.(aa),a.(aa),A.(aa),Aa.(aa),(aa).aa,(aa).Aa,HG
617,(A),(aa),(Aa),(aa),(a.a),(A.a),(aa).A,(aa).a,(aa).A,(aa).A,A.(aa),a.(aa),A.(aa),Aa.(aa),(aa).aa,(aa).Aa,HG
618,(Aa),(aa),(Aa),(aa),(a.a),(A.a),(aa).A,(aa).a,(aa).A,(aa).A,A.(aa),a.(aa),A.(aa),Aa.(aa),(aa).aa,(aa).Aa,HG
619,(A),(aa),(Aa),(aa),(a.a),(A.a),(A.a),(aa).a,(aa).A,(aa).A,A.(aa),a.(aa),A.(aa),Aa.(aa),(aa).aa,(aa).Aa,HG
620,(A),(A),(Aa),(Aa),(A.a),(A.a),a.(A),(Aa).a,(aa).A,(Aa).a,A.(aa),a.(Aa),a.(Aa),(Aa).a,(Aa).aa,a.(Aa),HG
621,(A),(A),(Aa),(Aa),(A).a,(A).a,a.(A),(Aa).a,(aa).A,(Aa).a,A.(aa),a.(Aa),a.(Aa),(Aa).a,(Aa).aa,a.(Aa),HG
622,(A),(A),(Aa),(Aa),(A.a),(A.a),(a.a),(Aa).a,(aa).A,(Aa).a,A.(aa),a.(Aa),a.(Aa),(Aa).a,(Aa).aa,a.(Aa),HG
623,(Aa),(Aa),(Aa),(Aa),(A.a),(A.a),(a.a),(Aa).a,(aa).A,(Aa).a,A.(aa),a.(Aa),a.(Aa),(Aa).a,(Aa).aa,a.(Aa),HG
624,(Aa),(Aa),(Aa),(Aa),(A.a),(A.a),a.(Aa),(Aa).a,(aa).A,(Aa).a,A.(aa),a.(Aa),a.(Aa),(Aa).a,(Aa).aa,a.(Aa),HG
625,(Aa),(Aa),(Aa),(Aa),(Aa).a,(Aa).a,a.(Aa),(Aa).a,(aa).A,(Aa).a,A.(aa),a.(Aa),a.(Aa),(Aa).a,(Aa).aa,a.(Aa),HG
626,(A),(A),(Aa),(Aa),(A.a),(A.a),(A.a),(Aa).a,(aa).A,(Aa).a,A.(aa),a.(Aa),a.(Aa),(Aa).a,(Aa).aa,a.(Aa),HG
627,(Aa),(Aa),(Aa),(Aa),(A.a),(A.a),(A.a),(Aa).a,(aa).A,(Aa).a,A.(aa),a.(Aa),a.(Aa),(Aa).a,(Aa).aa,a.(Aa),HG
628,(Aa),(Aa),(Aa),(Aa),(Aa).a,(Aa).a,a.(Aa),(Aa).a,aa.(Aa),(Aa).a,(Aa).aa,a.(Aa),a.(Aa),(Aa).a,(Aa).aa,a.(Aa),HG
629,(A),(A),(Aa),(Aa),(A.a),(A.a),a.(A),(Aa).a,aa.(A),(Aa).a,(A.a),a.(Aa),a.(Aa),(Aa).a,(Aa).aa,a.(Aa),HG
630,(A),(A),(Aa),(Aa),(A.a),(A.a),a.(A),(Aa).a,(aa).A,(Aa).a,(A.a),a.(Aa),a.(Aa),(Aa).a,(Aa).aa,a.(Aa),HG
631,(A),(A),(Aa),(Aa),(A.a),(A.a),(a.a),(Aa).a,(aa).A,(Aa).a,(A.a),a.(Aa),a.(Aa),(Aa).a,(Aa).aa,a.(Aa),HG
632,(Aa),(Aa),(Aa),(Aa),(A.a),(A.a),(a.a),(Aa).a,(aa).A,(Aa).a,(A.a),a.(Aa),a.(Aa),(Aa).a,(Aa).aa,a.(Aa),HG
633,(Aa),(Aa),(Aa),(Aa),(A.a),(A.a),a.(Aa),(Aa).a,(aa).A,(Aa).a,(A.a),a.(Aa),a.(Aa),(Aa).a,(Aa).aa,a.(Aa),HG
634,(Aa),(Aa),(Aa),(Aa),(Aa).a,(Aa).a,a.(Aa),(Aa).a,(aa).A,(Aa).a,(A.a),a.(Aa),a.(Aa),(Aa).a,(Aa).aa,a.(Aa),HG
635,(A),(A),(Aa),(Aa),(A.a),(A.a),(A.a),(Aa).a,(aa).A,(Aa).a,(A.a),a.(Aa),a.(Aa),(Aa).a,(Aa).aa,a.(Aa),HG
636,(Aa),(Aa),(Aa),(Aa),(A.a),(A.a),(A.a),(Aa).a,(aa).A,(Aa).a,(A.a),a.(Aa),a.(Aa),(Aa).a,(Aa).aa,a.(Aa),HG
637,(Aa),(Aa),(Aa),(Aa),(A.a),(A.a),a.(Aa),(Aa).a,aa.(Aa),(Aa).a,(A.a),a.(Aa),a.(Aa),(Aa).a,(Aa).aa,a.(Aa),HG
638,(Aa),(Aa),(Aa),(Aa),(Aa).a,(Aa).a,a.(Aa),(Aa).a,aa.(Aa),(Aa).a,(A.a),a.(Aa),a.(Aa),(Aa).a,(Aa).aa,a.(Aa),HG
639,(Aa),(Aa),(Aa),(Aa),(Aa).a,(Aa).a,a.(Aa),(Aa).a,a.(Aa),(Aa).a,(A.a),a.(Aa),a.(Aa),(Aa).a,(Aa).aa,a.(Aa),HG
640,(A),(A),(Aa),(Aa),(A.a),(A.a),a.(A),(Aa).a,(Aa).a,(Aa).a,(A.a),a.(Aa),a.(Aa),(Aa).a,(Aa).aa,a.(Aa),HG
641,(Aa),(Aa),(Aa),(Aa),(A.a),(A.a),a.(Aa),(Aa).a,(Aa).a,(Aa).a,(A.a),a.(Aa),a.(Aa),(Aa).a,(Aa).aa,a.(Aa),HG
642,(Aa),(Aa),(Aa),(Aa),(Aa).a,(Aa).a,a.(Aa),(Aa).a,(Aa).a,(Aa).a,(A.a),a.(Aa),a.(Aa),(Aa).a,(Aa).aa,a.(Aa),HG
643,(A),(A),(Aa),(Aa),(A.a),(A.a),(A.a),(Aa).a,(Aa).a,(Aa).a,(A.a),a.(Aa),a.(Aa),(Aa).a,(Aa).aa,a.(Aa),HG
644,(Aa),(Aa),(Aa),(Aa),(A.a),(A.a),(A.a),(Aa).a,(Aa).a,(Aa).a,(A.a),a.(Aa),a.(Aa),(Aa).a,(Aa).aa,a.(Aa),HG
645,(A),(A),(Aa),(Aa),(A).a,(A).a,a.(A),(Aa).a,aa.(A),(Aa).a,(A).a,a.(Aa),a.(Aa),(Aa).a,(Aa).aa,a.(Aa),HG
646,(A),(A),(Aa),(Aa),(A).a,(A).a,a.(A),(Aa).a,(aa).A,(Aa).a,(A).a,a.(Aa),a.(Aa),(Aa).a,(Aa).aa,a.(Aa),HG
647,(Aa),(Aa),(Aa),(Aa),(Aa).a,(Aa).a,a.(Aa),(Aa).a,(aa).A,(Aa).a,(A).a,a.(Aa),a.(Aa),(Aa).a,(Aa).aa,a.(Aa),HG
648,(Aa),(Aa),(Aa),(Aa),(Aa).a,(Aa).a,a.(Aa),(Aa).a,aa.(Aa),(Aa).a,(A).a,a.(Aa),a.(Aa),(Aa).a,(Aa).aa,a.(Aa),HG
649,(Aa),(Aa),(Aa),(Aa),(Aa).a,(Aa).a,a.(Aa),(Aa).a,a.(Aa),(Aa).a,(A).a,a.(Aa),a.(Aa),(Aa).a,(Aa).aa,a.(Aa),HG
650,(A),(A),(Aa),(Aa),(A).a,(A).a,a.(A),(Aa).a,(Aa).a,(Aa).a,(A).a,a.(Aa),a.(Aa),(Aa).a,(Aa).aa,a.(Aa),HG
651,(Aa),(Aa),(Aa),(Aa),(Aa).a,(Aa).a,a.(Aa),(Aa).a,(Aa).a,(Aa).a,(A).a,a.(Aa),a.(Aa),(Aa).a,(Aa).aa,a.(Aa),HG
652,(Aa),(Aa),(Aa),(Aa),(A.a),(A.a),a.(Aa),(Aa).a,a.(Aa),(Aa).a,a.(Aa),a.(Aa),a.(Aa),(Aa).a,(Aa).aa,a.(Aa),HG
653,(Aa),(Aa),(Aa),(Aa),(A.a),(A.a),a.(Aa),(Aa).a,(Aa).a,(Aa).a,a.(Aa),a.(Aa),a.(Aa),(Aa).a,(Aa).aa,a.(Aa),HG
654,(A),(A),(Aa),(aa),(a.a),(A.a),a.(A),(aa).a,(aa).A,(Aa).a,A.(aa),a.(aa),a.(Aa),(Aa).a,(aa).a,a.(Aa),HG
655,(A),(aa),(Aa),(aa),(a.a),(A.a),a.(A),(aa).a,(aa).A,(Aa).a,A.(aa),a.(aa),a.(Aa),(Aa).a,(aa).a,a.(Aa),HG
656,(A),(A),(Aa),(aa),(a.a),(A).a,a.(A),(aa).a,(aa).A,(Aa).a,A.(aa),a.(aa),a.(Aa),(Aa).a,(aa).a,a.(Aa),HG
657,(A),(A),(Aa),(aa),(A).a,(A).a,a.(A),(aa).a,(aa).A,(Aa).a,A.(aa),a.(aa),a.(Aa),(Aa).a,(aa).a,a.(Aa),HG
658,(A),(A),(Aa),(aa),(a.a),(A.a),(a.a),(aa).a,(aa).A,(Aa).a,A.(aa),a.(aa),a.(Aa),(Aa).a,(aa).a,a.(Aa),HG
659,(A),(aa),(Aa),(aa),(a.a),(A.a),(a.a),(aa).a,(aa).A,(Aa).a,A.(aa),a.(aa),a.(Aa),(Aa).a,(aa).a,a.(Aa),HG
660,(A),(A),(Aa),(aa),(a.a),(A.a),(A.a),(aa).a,(aa).A,(Aa).a,A.(aa),a.(aa),a.(Aa),(Aa).a,(aa).a,a.(Aa),HG
661,(A),(aa),(Aa),(aa),(a.a),(A.a),(A.a),(aa).a,(aa).A,(Aa).a,A.(aa),a.(aa),a.(Aa),(Aa).a,(aa).a,a.(Aa),HG
662,(A),(A),(Aa),(aa),(a.a),(A.a),a.(A),(aa).a,a.(Aa),(Aa).a,A.(aa),a.(aa),a.(Aa),(Aa).a,(aa).a,a.(Aa),HG
663,(A),(aa),(Aa),(aa),(a.a),(A.a),a.(A),(aa).a,a.(Aa),(Aa).a,A.(aa),a.(aa),a.(Aa),(Aa).a,(aa).a,a.(Aa),HG
664,(A),(A),(Aa),(aa),(a.a),(A).a,a.(A),(aa).a,a.(Aa),(Aa).a,A.(aa),a.(aa),a.(Aa),(Aa).a,(aa).a,a.(Aa),HG
665,(A),(aa),(Aa),(aa),(a.a),(A).a,a.(A),(aa).a,a.(Aa),(Aa).a,A.(aa),a.(aa),a.(Aa),(Aa).a,(aa).a,a.(Aa),HG
666,(A),(A),(Aa),(aa),(A).a,(A).a,a.(A),(aa).a,a.(Aa),(Aa).a,A.(aa),a.(aa),a.(Aa),(Aa).a,(aa).a,a.(Aa),HG
667,(A),(aa),(Aa),(aa),(aa).a,(A).a,a.(A),(aa).a,a.(Aa),(Aa).a,A.(aa),a.(aa),a.(Aa),(Aa).a,(aa).a,a.(Aa),HG
668,(A),(A),(Aa),(aa),(a.a),(A.a),(a.a),(aa).a,a.(Aa),(Aa).a,A.(aa),a.(aa),a.(Aa),(Aa).a,(aa).a,a.(Aa),HG
669,(A),(aa),(Aa),(aa),(a.a),(A.a),(a.a),(aa).a,a.(Aa),(Aa).a,A.(aa),a.(aa),a.(Aa),(Aa).a,(aa).a,a.(Aa),HG
670,(A),(A),(Aa),(aa),(a.a),(A.a),(A.a),(aa).a,a.(Aa),(Aa).a,A.(aa),a.(aa),a.(Aa),(Aa).a,(aa).a,a.(Aa),HG
671,(A),(aa),(Aa),(aa),(a.a),(A.a),(A.a),(aa).a,a.(Aa),(Aa).a,A.(aa),a.(aa),a.(Aa),(Aa).a,(aa).a,a.(Aa),HG
672,(Aa),(aa),(Aa),(aa),(aa).a,(Aa).a,a.(Aa),(aa).a,aa.(Aa),(Aa).a,(Aa).aa,a.(aa),a.(Aa),(Aa).a,(aa).a,a.(Aa),HG
673,(A),(a),(Aa),(aa),(a.a),(A.a),a.(A),(aa).a,aa.(A),(Aa).a,(A.a),a.(aa),a.(Aa),(Aa).a,(aa).a,a.(Aa),HG
674,(A),(A),(Aa),(aa),(a.a),(A.a),a.(A),(aa).a,aa.(A),(Aa).a,(A.a),a.(aa),a.(Aa),(Aa).a,(aa).a,a.(Aa),HG
675,(A),(aa),(Aa),(aa),(a.a),(A.a),a.(A),(aa).a,aa.(A),(Aa).a,(A.a),a.(aa),a.(Aa),(Aa).a,(aa).a,a.(Aa),HG
676,(A),(a),(Aa),(aa),(a.a),(A.a),a.(A),(aa).a,(aa).A,(Aa).a,(A.a),a.(aa),a.(Aa),(Aa).a,(aa).a,a.(Aa),HG
677,(A),(A),(Aa),(aa),(a.a),(A.a),a.(A),(aa).a,(aa).A,(Aa).a,(A.a),a.(aa),a.(Aa),(Aa).a,(aa).a,a.(Aa),HG
678,(A),(aa),(Aa),(aa),(a.a),(A.a),a.(A),(aa).a,(aa).A,(Aa).a,(A.a),a.(aa),a.(Aa),(Aa).a,(aa).a,a.(Aa),HG
679,(A),(a),(Aa),(aa),(a.a),(A.a),(a.a),(aa).a,(aa).A,(Aa).a,(A.a),a.(aa),a.(Aa),(Aa).a,(aa).a,a.(Aa),HG
680,(A),(A),(Aa),(aa),(a.a),(A.a),(a.a),(aa).a,(aa).A,(Aa).a,(A.a),a.(aa),a.(Aa),(Aa).a,(aa).a,a.(Aa),HG
681,(A),(aa),(Aa),(aa),(a.a),(A.a),(a.a),(aa).a,(aa).A,(Aa).a,(A.a),a.(aa),a.(Aa),(Aa).a,(aa).a,a.(Aa),HG
682,(Aa),(aa),(Aa),(aa),(a.a),(A.a),(a.a),(aa).a,(aa).A,(Aa).a,(A.a),a.(aa),a.(Aa),(Aa).a,(aa).a,a.(Aa),HG
683,(Aa),(aa),(Aa),(aa),(a.a),(A.a),a.(Aa),(aa).a,(aa).A,(Aa).a,(A.a),a.(aa),a.(Aa),(Aa).a,(aa).a,a.(Aa),HG
684,(Aa),(aa),(Aa),(aa),(aa).a,(Aa).a,a.(Aa),(aa).a,(aa).A,(Aa).a,(A.a),a.(aa),a.(Aa),(Aa).a,(aa).a,a.(Aa),HG
685,(A),(a),(Aa),(aa),(a.a),(A.a),(A.a),(aa).a,(aa).A,(Aa).a,(A.a),a.(aa),a.(Aa),(Aa).a,(aa).a,a.(Aa),HG
686,(A),(A),(Aa),(aa),(a.a),(A.a),(A.a),(aa).a,(aa).A,(Aa).a,(A.a),a.(aa),a.(Aa),(Aa).a,(aa).a,a.(Aa),HG
687,(A),(aa),(Aa),(aa),(a.a),(A.a),(A.a),(aa).a,(aa).A,(Aa).a,(A.a),a.(aa),a.(Aa),(Aa).a,(aa).a,a.(Aa),HG
688,(Aa),(aa),(Aa),(aa),(a.a),(A.a),(A.a),(aa).a,(aa).A,(Aa).a,(A.a),a.(aa),a.(Aa),(Aa).a,(aa).a,a.(Aa),HG
689,(Aa),(aa),(Aa),(aa),(a.a),(A.a),a.(Aa),(aa).a,aa.(Aa),(Aa).a,(A.a),a.(aa),a.(Aa),(Aa).a,(aa).a,a.(Aa),HG
690,(Aa),(aa),(Aa),(aa),(aa).a,(Aa).a,a.(Aa),(aa).a,aa.(Aa),(Aa).a,(A.a),a.(aa),a.(Aa),(Aa).a,(aa).a,a.(Aa),HG
691,(A),(A),(Aa),(aa),(a.a),(A.a),a.(A),(aa).a,a.(Aa),(Aa).a,(A.a),a.(aa),a.(Aa),(Aa).a,(aa).a,a.(Aa),HG
692,(A),(aa),(Aa),(aa),(a.a),(A.a),a.(A),(aa).a,a.(Aa),(Aa).a,(A.a),a.(aa),a.(Aa),(Aa).a,(aa).a,a.(Aa),HG
693,(A),(A),(Aa),(aa),(a.a),(A.a),(a.a),(aa).a,a.(Aa),(Aa).a,(A.a),a.(aa),a.(Aa),(Aa).a,(aa).a,a.(Aa),HG
694,(A),(aa),(Aa),(aa),(a.a),(A.a),(a.a),(aa).a,a.(Aa),(Aa).a,(A.a),a.(aa),a.(Aa),(Aa).a,(aa).a,a.(Aa),HG
695,(A),(A),(Aa),(aa),(a.a),(A.a),(A.a),(aa).a,a.(Aa),(Aa).a,(A.a),a.(aa),a.(Aa),(Aa).a,(aa).a,a.(Aa),HG
696,(A),(aa),(Aa),(aa),(a.a),(A.a),(A.a),(aa).a,a.(Aa),(Aa).a,(A.a),a.(aa),a.(Aa),(Aa).a,(aa).a,a.(Aa),HG
697,(A),(a),(Aa),(aa),(a.a),(A.a),a.(A),(aa).a,(Aa).a,(Aa).a,(A.a),a.(aa),a.(Aa),(Aa).a,(aa).a,a.(Aa),HG
698,(A),(A),(Aa),(aa),(a.a),(A.a),a.(A),(aa).a,(Aa).a,(Aa).a,(A.a),a.(aa),a.(Aa),(Aa).a,(aa).a,a.(Aa),HG
699,(A),(aa),(Aa),(aa),(a.a),(A.a),a.(A),(aa).a,(Aa).a,(Aa).a,(A.a),a.(aa),a.(Aa),(Aa).a,(aa).a,a.(Aa),HG
700,(Aa),(aa),(Aa),(aa),(a.a),(A.a),a.(Aa),(aa).a,(Aa).a,(Aa).a,(A.a),a.(aa),a.(Aa),(Aa).a,(aa).a,a.(Aa),HG
701,(Aa),(aa),(Aa),(aa),(aa).a,(Aa).a,a.(Aa),(aa).a,(Aa).a,(Aa).a,(A.a),a.(aa),a.(Aa),(Aa).a,(aa).a,a.(Aa),HG
702,(A),(a),(Aa),(aa),(a.a),(A.a),(A.a),(aa).a,(Aa).a,(Aa).a,(A.a),a.(aa),a.(Aa),(Aa).a,(aa).a,a.(Aa),HG
703,(A),(A),(Aa),(aa),(a.a),(A.a),(A.a),(aa).a,(Aa).a,(Aa).a,(A.a),a.(aa),a.(Aa),(Aa).a,(aa).a,a.(Aa),HG
704,(A),(aa),(Aa),(aa),(a.a),(A.a),(A.a),(aa).a,(Aa).a,(Aa).a,(A.a),a.(aa),a.(Aa),(Aa).a,(aa).a,a.(Aa),HG
705,(Aa),(aa),(Aa),(aa),(a.a),(A.a),(A.a),(aa).a,(Aa).a,(Aa).a,(A.a),a.(aa),a.(Aa),(Aa).a,(aa).a,a.(Aa),HG
706,(A),(a),(Aa),(aa),(a.a),(A).a,a.(A),(aa).a,aa.(A),(Aa).a,(A).a,a.(aa),a.(Aa),(Aa).a,(aa).a,a.(Aa),HG
707,(A),(A),(Aa),(aa),(a.a),(A).a,a.(A),(aa).a,aa.(A),(Aa).a,(A).a,a.(aa),a.(Aa),(Aa).a,(aa).a,a.(Aa),HG
708,(A),(aa),(Aa),(aa),(a.a),(A).a,a.(A),(aa).a,aa.(A),(Aa).a,(A).a,a.(aa),a.(Aa),(Aa).a,(aa).a,a.(Aa),HG
709,(A),(A),(Aa),(aa),(A).a,(A).a,a.(A),(aa).a,aa.(A),(Aa).a,(A).a,a.(aa),a.(Aa),(Aa).a,(aa).a,a.(Aa),HG
710,(A),(aa),(Aa),(aa),(aa).a,(A).a,a.(A),(aa).a,aa.(A),(Aa).a,(A).a,a.(aa),a.(Aa),(Aa).a,(aa).a,a.(Aa),HG
711,(A),(a),(Aa),(aa),(a.a),(A).a,a.(A),(aa).a,(aa).A,(Aa).a,(A).a,a.(aa),a.(Aa),(Aa).a,(aa).a,a.(Aa),HG
712,(A),(A),(Aa),(aa),(a.a),(A).a,a.(A),(aa).a,(aa).A,(Aa).a,(A).a,a.(aa),a.(Aa),(Aa).a,(aa).a,a.(Aa),HG
713,(A),(aa),(Aa),(aa),(a.a),(A).a,a.(A),(aa).a,(aa).A,(Aa).a,(A).a,a.(aa),a.(Aa),(Aa).a,(aa).a,a.(Aa),HG
714,(A),(A),(Aa),(aa),(A).a,(A).a,a.(A),(aa).a,(aa).A,(Aa).a,(A).a,a.(aa),a.(Aa),(Aa).a,(aa).a,a.(Aa),HG
715,(A),(aa),(Aa),(aa),(aa).a,(A).a,a.(A),(aa).a,(aa).A,(Aa).a,(A).a,a.(aa),a.(Aa),(Aa).a,(aa).a,a.(Aa),HG
716,(Aa),(aa),(Aa),(aa),(aa).a,(Aa).a,a.(Aa),(aa).a,(aa).A,(Aa).a,(A).a,a.(aa),a.(Aa),(Aa).a,(aa).a,a.(Aa),HG
717,(Aa),(aa),(Aa),(aa),(aa).a,(Aa).a,a.(Aa),(aa).a,aa.(Aa),(Aa).a,(A).a,a.(aa),a.(Aa),(Aa).a,(aa).a,a.(Aa),HG
718,(A),(A),(Aa),(aa),(a.a),(A).a,a.(A),(aa).a,a.(Aa),(Aa).a,(A).a,a.(aa),a.(Aa),(Aa).a,(aa).a,a.(Aa),HG
719,(A),(A),(Aa),(aa),(A).a,(A).a,a.(A),(aa).a,a.(Aa),(Aa).a,(A).a,a.(aa),a.(Aa),(Aa).a,(aa).a,a.(Aa),HG
720,(A),(a),(Aa),(aa),(a.a),(A).a,a.(A),(aa).a,(Aa).a,(Aa).a,(A).a,a.(aa),a.(Aa),(Aa).a,(aa).a,a.(Aa),HG
721,(A),(A),(Aa),(aa),(a.a),(A).a,a.(A),(aa).a,(Aa).a,(Aa).a,(A).a,a.(aa),a.(Aa),(Aa).a,(aa).a,a.(Aa),HG
722,(A),(aa),(Aa),(aa),(a.a),(A).a,a.(A),(aa).a,(Aa).a,(Aa).a,(A).a,a.(aa),a.(Aa),(Aa).a,(aa).a,a.(Aa),HG
723,(A),(A),(Aa),(aa),(A).a,(A).a,a.(A),(aa).a,(Aa).a,(Aa).a,(A).a,a.(aa),a.(Aa),(Aa).a,(aa).a,a.(Aa),HG
724,(A),(aa),(Aa),(aa),(aa).a,(A).a,a.(A),(aa).a,(Aa).a,(Aa).a,(A).a,a.(aa),a.(Aa),(Aa).a,(aa).a,a.(Aa),HG
725,(Aa),(aa),(Aa),(aa),(aa).a,(Aa).a,a.(Aa),(aa).a,(Aa).a,(Aa).a,(A).a,a.(aa),a.(Aa),(Aa).a,(aa).a,a.(Aa),HG
726,(A),(A),(Aa),(aa),(a.a),(A.a),a.(A),(aa).a,a.(Aa),(Aa).a,a.(Aa),a.(aa),a.(Aa),(Aa).a,(aa).a,a.(Aa),HG
727,(A),(aa),(Aa),(aa),(a.a),(A.a),a.(A),(aa).a,a.(Aa),(Aa).a,a.(Aa),a.(aa),a.(Aa),(Aa).a,(aa).a,a.(Aa),HG
728,(A),(A),(Aa),(aa),(a.a),(A).a,a.(A),(aa).a,a.(Aa),(Aa).a,a.(Aa),a.(aa),a.(Aa),(Aa).a,(aa).a,a.(Aa),HG
729,(A),(aa),(Aa),(aa),(a.a),(A).a,a.(A),(aa).a,a.(Aa),(Aa).a,a.(Aa),a.(aa),a.(Aa),(Aa).a,(aa).a,a.(Aa),HG
730,(A),(A),(Aa),(aa),(A).a,(A).a,a.(A),(aa).a,a.(Aa),(Aa).a,a.(Aa),a.(aa),a.(Aa),(Aa).a,(aa).a,a.(Aa),HG
731,(A),(aa),(Aa),(aa),(aa).a,(A).a,a.(A),(aa).a,a.(Aa),(Aa).a,a.(Aa),a.(aa),a.(Aa),(Aa).a,(aa).a,a.(Aa),HG
732,(Aa),(aa),(Aa),(aa),(a.a),(A.a),a.(Aa),(aa).a,a.(Aa),(Aa).a,a.(Aa),a.(aa),a.(Aa),(Aa).a,(aa).a,a.(Aa),HG
733,(A),(A),(Aa),(aa),(a.a),(A.a),(A.a),(aa).a,a.(Aa),(Aa).a,a.(Aa),a.(aa),a.(Aa),(Aa).a,(aa).a,a.(Aa),HG
734,(A),(aa),(Aa),(aa),(a.a),(A.a),(A.a),(aa).a,a.(Aa),(Aa).a,a.(Aa),a.(aa),a.(Aa),(Aa).a,(aa).a,a.(Aa),HG
735,(A),(A),(Aa),(aa),(a.a),(A.a),a.(A),(aa).a,(Aa).a,(Aa).a,a.(Aa),a.(aa),a.(Aa),(Aa).a,(aa).a,a.(Aa),HG
736,(A),(aa),(Aa),(aa),(a.a),(A.a),a.(A),(aa).a,(Aa).a,(Aa).a,a.(Aa),a.(aa),a.(Aa),(Aa).a,(aa).a,a.(Aa),HG
737,(A),(A),(Aa),(aa),(a.a),(A).a,a.(A),(aa).a,(Aa).a,(Aa).a,a.(Aa),a.(aa),a.(Aa),(Aa).a,(aa).a,a.(Aa),HG
738,(A),(A),(Aa),(aa),(A).a,(A).a,a.(A),(aa).a,(Aa).a,(Aa).a,a.(Aa),a.(aa),a.(Aa),(Aa).a,(aa).a,a.(Aa),HG
739,(A),(A),(Aa),(aa),(a.a),(A.a),(A.a),(aa).a,(Aa).a,(Aa).a,a.(Aa),a.(aa),a.(Aa),(Aa).a,(aa).a,a.(Aa),HG
740,(A),(aa),(Aa),(aa),(a.a),(A.a),(A.a),(aa).a,(Aa).a,(Aa).a,a.(Aa),a.(aa),a.(Aa),(Aa).a,(aa).a,a.(Aa),HG
741,(Aa),(Aa),(Aa),(Aa),(Aa).a,(Aa).a,a.(Aa),(Aa).a,aa.(Aa),(Aa).a,(Aa).aa,a.(Aa),a.(Aa),(Aa).a,(aa).a,a.(Aa),HG
742,(Aa),(Aa),(Aa),(Aa),(Aa).a,(Aa).a,a.(Aa),(Aa).a,a.(Aa),(Aa).a,(Aa).aa,a.(Aa),a.(Aa),(Aa).a,(aa).a,a.(Aa),HG
743,(A),(A),(Aa),(Aa),(A.a),(A.a),a.(A),(Aa).a,aa.(A),(Aa).a,(A.a),a.(Aa),a.(Aa),(Aa).a,(aa).a,a.(Aa),HG
744,(A),(A),(Aa),(Aa),(A.a),(A.a),a.(A),(Aa).a,(aa).A,(Aa).a,(A.a),a.(Aa),a.(Aa),(Aa).a,(aa).a,a.(Aa),HG
745,(A),(A),(Aa),(Aa),(A.a),(A.a),(a.a),(Aa).a,(aa).A,(Aa).a,(A.a),a.(Aa),a.(Aa),(Aa).a,(aa).a,a.(Aa),HG
746,(Aa),(Aa),(Aa),(Aa),(A.a),(A.a),(a.a),(Aa).a,(aa).A,(Aa).a,(A.a),a.(Aa),a.(Aa),(Aa).a,(aa).a,a.(Aa),HG
747,(Aa),(Aa),(Aa),(Aa),(A.a),(A.a),a.(Aa),(Aa).a,(aa).A,(Aa).a,(A.a),a.(Aa),a.(Aa),(Aa).a,(aa).a,a.(Aa),HG
748,(Aa),(Aa),(Aa),(Aa),(Aa).a,(Aa).a,a.(Aa),(Aa).a,(aa).A,(Aa).a,(A.a),a.(Aa),a.(Aa),(Aa).a,(aa).a,a.(Aa),HG
749,(A),(A),(Aa),(Aa),(A.a),(A.a),(A.a),(Aa).a,(aa).A,(Aa).a,(A.a),a.(Aa),a.(Aa),(Aa).a,(aa).a,a.(Aa),HG
750,(Aa),(Aa),(Aa),(Aa),(A.a),(A.a),(A.a),(Aa).a,(aa).A,(Aa).a,(A.a),a.(Aa),a.(Aa),(Aa).a,(aa).a,a.(Aa),HG
751,(Aa),(Aa),(Aa),(Aa),(A.a),(A.a),a.(Aa),(Aa).a,aa.(Aa),(Aa).a,(A.a),a.(Aa),a.(Aa),(Aa).a,(aa).a,a.(Aa),HG
752,(Aa),(Aa),(Aa),(Aa),(Aa).a,(Aa).a,a.(Aa),(Aa).a,aa.(Aa),(Aa).a,(A.a),a.(Aa),a.(Aa),(Aa).a,(aa).a,a.(Aa),HG
753,(A),(A),(Aa),(Aa),(A.a),(A.a),a.(A),(Aa).a,a.(Aa),(Aa).a,(A.a),a.(Aa),a.(Aa),(Aa).a,(aa).a,a.(Aa),HG
754,(A),(A),(Aa),(Aa),(A.a),(A.a),(a.a),(Aa).a,a.(Aa),(Aa).a,(A.a),a.(Aa),a.(Aa),(Aa).a,(aa).a,a.(Aa),HG
755,(Aa),(Aa),(Aa),(Aa),(A.a),(A.a),(a.a),(Aa).a,a.(Aa),(Aa).a,(A.a),a.(Aa),a.(Aa),(Aa).a,(aa).a,a.(Aa),HG
756,(Aa),(Aa),(Aa),(Aa),(A.a),(A.a),a.(Aa),(Aa).a,a.(Aa),(Aa).a,(A.a),a.(Aa),a.(Aa),(Aa).a,(aa).a,a.(Aa),HG
757,(Aa),(Aa),(Aa),(Aa),(Aa).a,(Aa).a,a.(Aa),(Aa).a,a.(Aa),(Aa).a,(A.a),a.(Aa),a.(Aa),(Aa).a,(aa).a,a.(Aa),HG
758,(A),(A),(Aa),(Aa),(A.a),(A.a),(A.a),(Aa).a,a.(Aa),(Aa).a,(A.a),a.(Aa),a.(Aa),(Aa).a,(aa).a,a.(Aa),HG
759,(Aa),(Aa),(Aa),(Aa),(A.a),(A.a),(A.a),(Aa).a,a.(Aa),(Aa).a,(A.a),a.(Aa),a.(Aa),(Aa).a,(aa).a,a.(Aa),HG
760,(A),(A),(Aa),(Aa),(A.a),(A.a),a.(A),(Aa).a,(Aa).a,(Aa).a,(A.a),a.(Aa),a.(Aa),(Aa).a,(aa).a,a.(Aa),HG
761,(Aa),(Aa),(Aa),(Aa),(A.a),(A.a),a.(Aa),(Aa).a,(Aa).a,(Aa).a,(A.a),a.(Aa),a.(Aa),(Aa).a,(aa).a,a.(Aa),HG
762,(Aa),(Aa),(Aa),(Aa),(Aa).a,(Aa).a,a.(Aa),(Aa).a,(Aa).a,(Aa).a,(A.a),a.(Aa),a.(Aa),(Aa).a,(aa).a,a.(Aa),HG
763,(A),(A),(Aa),(Aa),(A.a),(A.a),(A.a),(Aa).a,(Aa).a,(Aa).a,(A.a),a.(Aa),a.(Aa),(Aa).a,(aa).a,a.(Aa),HG
764,(Aa),(Aa),(Aa),(Aa),(A.a),(A.a),(A.a),(Aa).a,(Aa).a,(Aa).a,(A.a),a.(Aa),a.(Aa),(Aa).a,(aa).a,a.(Aa),HG
765,(A),(A),(Aa),(Aa),(A).a,(A).a,a.(A),(Aa).a,aa.(A),(Aa).a,(A).a,a.(Aa),a.(Aa),(Aa).a,(aa).a,a.(Aa),HG
766,(A),(A),(Aa),(Aa),(A).a,(A).a,a.(A),(Aa).a,(aa).A,(Aa).a,(A).a,a.(Aa),a.(Aa),(Aa).a,(aa).a,a.(Aa),HG
767,(Aa),(Aa),(Aa),(Aa),(Aa).a,(Aa).a,a.(Aa),(Aa).a,(aa).A,(Aa).a,(A).a,a.(Aa),a.(Aa),(Aa).a,(aa).a,a.(Aa),HG
768,(Aa),(Aa),(Aa),(Aa),(Aa).a,(Aa).a,a.(Aa),(Aa).a,aa.(Aa),(Aa).a,(A).a,a.(Aa),a.(Aa),(Aa).a,(aa).a,a.(Aa),HG
769,(A),(A),(Aa),(Aa),(A).a,(A).a,a.(A),(Aa).a,a.(Aa),(Aa).a,(A).a,a.(Aa),a.(Aa),(Aa).a,(aa).a,a.(Aa),HG
770,(Aa),(Aa),(Aa),(Aa),(Aa).a,(Aa).a,a.(Aa),(Aa).a,a.(Aa),(Aa).a,(A).a,a.(Aa),a.(Aa),(Aa).a,(aa).a,a.(Aa),HG
771,(A),(A),(Aa),(Aa),(A).a,(A).a,a.(A),(Aa).a,(Aa).a,(Aa).a,(A).a,a.(Aa),a.(Aa),(Aa).a,(aa).a,a.(Aa),HG
772,(Aa),(Aa),(Aa),(Aa),(Aa).a,(Aa).a,a.(Aa),(Aa).a,(Aa).a,(Aa).a,(A).a,a.(Aa),a.(Aa),(Aa).a,(aa).a,a.(Aa),HG
773,(Aa),(Aa),(Aa),(Aa),(A.a),(A.a),a.(Aa),(Aa).a,a.(Aa),(Aa).a,a.(Aa),a.(Aa),a.(Aa),(Aa).a,(aa).a,a.(Aa),HG
774,(A),(a),(A),(aa),(a.a),(A).a,a.(A),(aa).a,aa.(A),(A).a,(A).a,a.(aa),a.(A),(A).a,(aa).a,a.(Aa),HG
775,(A),(A),(A),(aa),(a.a),(A).a,a.(A),(aa).a,aa.(A),(A).a,(A).a,a.(aa),a.(A),(A).a,(aa).a,a.(Aa),HG
776,(A),(aa),(A),(aa),(a.a),(A).a,a.(A),(aa).a,aa.(A),(A).a,(A).a,a.(aa),a.(A),(A).a,(aa).a,a.(Aa),HG
777,(A),(A),(A),(aa),(A).a,(A).a,a.(A),(aa).a,aa.(A),(A).a,(A).a,a.(aa),a.(A),(A).a,(aa).a,a.(Aa),HG
778,(A),(aa),(A),(aa),(aa).a,(A).a,a.(A),(aa).a,aa.(A),(A).a,(A).a,a.(aa),a.(A),(A).a,(aa).a,a.(Aa),HG
779,(A),(a),(A),(aa),(a.a),(A).a,a.(A),(aa).a,(aa).A,(A).a,(A).a,a.(aa),a.(A),(A).a,(aa).a,a.(Aa),HG
780,(A),(A),(A),(aa),(a.a),(A).a,a.(A),(aa).a,(aa).A,(A).a,(A).a,a.(aa),a.(A),(A).a,(aa).a,a.(Aa),HG
781,(A),(aa),(A),(aa),(a.a),(A).a,a.(A),(aa).a,(aa).A,(A).a,(A).a,a.(aa),a.(A),(A).a,(aa).a,a.(Aa),HG
782,(A),(A),(A),(aa),(A).a,(A).a,a.(A),(aa).a,(aa).A,(A).a,(A).a,a.(aa),a.(A),(A).a,(aa).a,a.(Aa),HG
783,(A),(aa),(A),(aa),(aa).a,(A).a,a.(A),(aa).a,(aa).A,(A).a,(A).a,a.(aa),a.(A),(A).a,(aa).a,a.(Aa),HG
784,(A),(A),(A),(aa),(a.a),(A).a,a.(A),(aa).a,a.(Aa),(A).a,(A).a,a.(aa),a.(A),(A).a,(aa).a,a.(Aa),HG
785,(A),(A),(A),(aa),(A).a,(A).a,a.(A),(aa).a,a.(Aa),(A).a,(A).a,a.(aa),a.(A),(A).a,(aa).a,a.(Aa),HG
786,(A),(A),(A),(aa),(a.a),(A).a,a.(A),(aa).a,(Aa).a,(A).a,(A).a,a.(aa),a.(A),(A).a,(aa).a,a.(Aa),HG
787,(A),(A),(A),(aa),(A).a,(A).a,a.(A),(aa).a,(Aa).a,(A).a,(A).a,a.(aa),a.(A),(A).a,(aa).a,a.(Aa),HG
788,(A),(A),(Aa),(Aa),(A.a),(A.a),a.(A),(Aa).a,(aa).A,(Aa).a,(A.a),a.(Aa),a.(Aa),(Aa).a,(A.a),a.(Aa),HG
789,(A),(A),(Aa),(Aa),(A.a),(A.a),(a.a),(Aa).a,(aa).A,(Aa).a,(A.a),a.(Aa),a.(Aa),(Aa).a,(A.a),a.(Aa),HG
790,(Aa),(Aa),(Aa),(Aa),(A.a),(A.a),(a.a),(Aa).a,(aa).A,(Aa).a,(A.a),a.(Aa),a.(Aa),(Aa).a,(A.a),a.(Aa),HG
791,(Aa),(Aa),(Aa),(Aa),(A.a),(A.a),a.(Aa),(Aa).a,(aa).A,(Aa).a,(A.a),a.(Aa),a.(Aa),(Aa).a,(A.a),a.(Aa),HG
792,(Aa),(Aa),(Aa),(Aa),(Aa).a,(Aa).a,a.(Aa),(Aa).a,(aa).A,(Aa).a,(A.a),a.(Aa),a.(Aa),(Aa).a,(A.a),a.(Aa),HG
793,(A),(A),(Aa),(Aa),(A.a),(A.a),(A.a),(Aa).a,(aa).A,(Aa).a,(A.a),a.(Aa),a.(Aa),(Aa).a,(A.a),a.(Aa),HG
794,(Aa),(Aa),(Aa),(Aa),(A.a),(A.a),(A.a),(Aa).a,(aa).A,(Aa).a,(A.a),a.(Aa),a.(Aa),(Aa).a,(A.a),a.(Aa),HG
795,(A),(A),(Aa),(Aa),(A.a),(A.a),a.(A),(Aa).a,(Aa).a,(Aa).a,(A.a),a.(Aa),a.(Aa),(Aa).a,(A.a),a.(Aa),HG
796,(Aa),(Aa),(Aa),(Aa),(A.a),(A.a),a.(Aa),(Aa).a,(Aa).a,(Aa).a,(A.a),a.(Aa),a.(Aa),(Aa).a,(A.a),a.(Aa),HG
797,(Aa),(Aa),(Aa),(Aa),(Aa).a,(Aa).a,a.(Aa),(Aa).a,(Aa).a,(Aa).a,(A.a),a.(Aa),a.(Aa),(Aa).a,(A.a),a.(Aa),HG
798,(A),(A),(Aa),(Aa),(A.a),(A.a),(A.a),(Aa).a,(Aa).a,(Aa).a,(A.a),a.(Aa),a.(Aa),(Aa).a,(A.a),a.(Aa),HG
799,(Aa),(Aa),(Aa),(Aa),(A.a),(A.a),(A.a),(Aa).a,(Aa).a,(Aa).a,(A.a),a.(Aa),a.(Aa),(Aa).a,(A.a),a.(Aa),HG
800,(Aa),(Aa),(Aa),(Aa),(A.a),(A.a),a.(Aa),(Aa).a,a.(Aa),(Aa).a,a.(Aa),a.(Aa),a.(Aa),(Aa).a,(A.a),a.(Aa),HG
801,(A),(A),(Aa),(Aa),(A).a,(A).a,a.(A),(Aa).a,aa.(A),(Aa).a,(A).a,a.(Aa),a.(Aa),(Aa).a,(A).a,a.(Aa),HG
802,(A),(A),(Aa),(Aa),(A).a,(A).a,a.(A),(Aa).a,(aa).A,(Aa).a,(A).a,a.(Aa),a.(Aa),(Aa).a,(A).a,a.(Aa),HG
803,(Aa),(Aa),(Aa),(Aa),(Aa).a,(Aa).a,a.(Aa),(Aa).a,(aa).A,(Aa).a,(A).a,a.(Aa),a.(Aa),(Aa).a,(A).a,a.(Aa),HG
804,(A),(A),(Aa),(Aa),(A).a,(A).a,a.(A),(Aa).a,(Aa).a,(Aa).a,(A).a,a.(Aa),a.(Aa),(Aa).a,(A).a,a.(Aa),HG
805,(Aa),(Aa),(Aa),(Aa),(Aa).a,(Aa).a,a.(Aa),(Aa).a,(Aa).a,(Aa).a,(A).a,a.(Aa),a.(Aa),(Aa).a,(A).a,a.(Aa),HG
806,(A),(A),(A),(A),(A).a,(A).a,a.(A),(A).a,aa.(A),(A).a,(A).a,(A).a,a.(A),(A).a,(A).a,a.(Aa),HG
807,(A),(A),(A),(A),(A).a,(A).a,a.(A),(A).a,(aa).A,(A).a,(A).a,(A).a,a.(A),(A).a,(A).a,a.(Aa),HG
808,(A),(aa),(Aa),(aa),(a.a),(A.a),a.(A),(aa).a,(aa).A,(Aa).a,A.(aa),a.(aa),a.(Aa),Aa.(aa),(aa).a,(aa).A,HG
809,(A),(aa),(Aa),(aa),(a.a),(A).a,a.(A),(aa).a,(aa).A,(Aa).a,A.(aa),a.(aa),a.(Aa),Aa.(aa),(aa).a,(aa).A,HG
810,(A),(aa),(Aa),(aa),(aa).a,(A).a,a.(A),(aa).a,(aa).A,(Aa).a,A.(aa),a.(aa),a.(Aa),Aa.(aa),(aa).a,(aa).A,HG
811,(A),(aa),(Aa),(aa),(a.a),(A.a),(a.a),(aa).a,(aa).A,(Aa).a,A.(aa),a.(aa),a.(Aa),Aa.(aa),(aa).a,(aa).A,HG
812,(A),(aa),(Aa),(aa),(a.a),(A.a),(aa).A,(aa).a,(aa).A,(Aa).a,A.(aa),a.(aa),a.(Aa),Aa.(aa),(aa).a,(aa).A,HG
813,(A),(aa),(Aa),(aa),(a.a),A.(aa),(aa).A,(aa).a,(aa).A,(Aa).a,A.(aa),a.(aa),a.(Aa),Aa.(aa),(aa).a,(aa).A,HG
814,(Aa),(aa),(Aa),(aa),(a.a),A.(aa),(aa).A,(aa).a,(aa).A,(Aa).a,A.(aa),a.(aa),a.(Aa),Aa.(aa),(aa).a,(aa).A,HG
815,(A),(aa),(Aa),(aa),(aa).a,A.(aa),(aa).A,(aa).a,(aa).A,(Aa).a,A.(aa),a.(aa),a.(Aa),Aa.(aa),(aa).a,(aa).A,HG
816,(A),(aa),(Aa),(aa),(a.a),(A.a),(A.a),(aa).a,(aa).A,(Aa).a,A.(aa),a.(aa),a.(Aa),Aa.(aa),(aa).a,(aa).A,HG
817,(A),(aa),(aa),(aa),(a.a),(A).a,a.(A),(aa).a,(aa).A,(aa).a,A.(aa),a.(aa),a.(aa),Aa.(aa),(aa).a,(aa).A,HG
818,(A),(aa),(aa),(aa),(aa).a,(A).a,a.(A),(aa).a,(aa).A,(aa).a,A.(aa),a.(aa),a.(aa),Aa.(aa),(aa).a,(aa).A,HG
819,(A),(aa),(aa),(aa),(a.a),(a.a),(a.a),(aa).a,(aa).A,(aa).a,A.(aa),a.(aa),a.(aa),Aa.(aa),(aa).a,(aa).A,HG
820,(A),(aa),(aa),(aa),(a.a),A.(aa),(aa).A,(aa).a,(aa).A,(aa).a,A.(aa),a.(aa),a.(aa),Aa.(aa),(aa).a,(aa).A,HG
821,(aa),(aa),(aa),(aa),(a.a),A.(aa),(aa).A,(aa).a,(aa).A,(aa).a,A.(aa),a.(aa),a.(aa),Aa.(aa),(aa).a,(aa).A,HG
822,(A),(aa),(aa),(aa),(aa).a,A.(aa),(aa).A,(aa).a,(aa).A,(aa).a,A.(aa),a.(aa),a.(aa),Aa.(aa),(aa).a,(aa).A,HG
823,(A),(aa),(Aa),(aa),(a.a),A.(aa),(aa).A,(aa).a,(aa).A,Aa.(aa),A.(aa),a.(aa),(aa).Aa,Aa.(aa),(aa).a,(aa).A,HG
824,(A),(aa),(aa),(aa),(a.a),A.(aa),(aa).A,(aa).a,(aa).A,Aa.(aa),A.(aa),a.(aa),(aa).Aa,Aa.(aa),(aa).a,(aa).A,HG
825,(A),(aa),(Aa),(aa),(aa).a,A.(aa),(aa).A,(aa).a,(aa).A,Aa.(aa),A.(aa),a.(aa),(aa).Aa,Aa.(aa),(aa).a,(aa).A,HG
826,(A),(aa),(aa),(aa),(aa).a,A.(aa),(aa).A,(aa).a,(aa).A,Aa.(aa),A.(aa),a.(aa),(aa).Aa,Aa.(aa),(aa).a,(aa).A,HG
827,(A),(aa),(A),(aa),(a.a),(A).a,a.(A),(aa).a,(aa).A,(A).a,A.(aa),a.(aa),a.(A),Aa.(aa),(aa).a,(aa).A,HG
828,(A),(aa),(A),(aa),(aa).a,(A).a,a.(A),(aa).a,(aa).A,(A).a,A.(aa),a.(aa),a.(A),Aa.(aa),(aa).a,(aa).A,HG
829,(A),(aa),(A),(aa),(a.a),A.(aa),(aa).A,(aa).a,(aa).A,(A).a,A.(aa),a.(aa),a.(A),Aa.(aa),(aa).a,(aa).A,HG
830,(A),(aa),(A),(aa),(aa).a,A.(aa),(aa).A,(aa).a,(aa).A,(A).a,A.(aa),a.(aa),a.(A),Aa.(aa),(aa).a,(aa).A,HG
831,(A),(a),(Aa),(aa),(a.a),(A.a),a.(A),(aa).a,(aa).A,(aa).A,A.(aa),a.(aa),A.(aa),Aa.(aa),(aa).a,(aa).A,HG
832,(A),(A),(Aa),(aa),(a.a),(A.a),a.(A),(aa).a,(aa).A,(aa).A,A.(aa),a.(aa),A.(aa),Aa.(aa),(aa).a,(aa).A,HG
833,(A),(aa),(Aa),(aa),(a.a),(A.a),a.(A),(aa).a,(aa).A,(aa).A,A.(aa),a.(aa),A.(aa),Aa.(aa),(aa).a,(aa).A,HG
834,(A),(aa),(Aa),(aa),(a.a),(A).a,a.(A),(aa).a,(aa).A,(aa).A,A.(aa),a.(aa),A.(aa),Aa.(aa),(aa).a,(aa).A,HG
835,(A),(aa),(aa),(aa),(a.a),(A).a,a.(A),(aa).a,(aa).A,(aa).A,A.(aa),a.(aa),A.(aa),Aa.(aa),(aa).a,(aa).A,HG
836,(A),(aa),(A),(aa),(a.a),(A).a,a.(A),(aa).a,(aa).A,(aa).A,A.(aa),a.(aa),A.(aa),Aa.(aa),(aa).a,(aa).A,HG
837,(A),(aa),(Aa),(aa),(aa).a,(A).a,a.(A),(aa).a,(aa).A,(aa).A,A.(aa),a.(aa),A.(aa),Aa.(aa),(aa).a,(aa).A,HG
838,(A),(aa),(aa),(aa),(aa).a,(A).a,a.(A),(aa).a,(aa).A,(aa).A,A.(aa),a.(aa),A.(aa),Aa.(aa),(aa).a,(aa).A,HG
839,(A),(aa),(A),(aa),(aa).a,(A).a,a.(A),(aa).a,(aa).A,(aa).A,A.(aa),a.(aa),A.(aa),Aa.(aa),(aa).a,(aa).A,HG
840,(A),(a),(Aa),(aa),(a.a),(A.a),(a.a),(aa).a,(aa).A,(aa).A,A.(aa),a.(aa),A.(aa),Aa.(aa),(aa).a,(aa).A,HG
841,(A),(A),(Aa),(aa),(a.a),(A.a),(a.a),(aa).a,(aa).A,(aa).A,A.(aa),a.(aa),A.(aa),Aa.(aa),(aa).a,(aa).A,HG
842,(A),(aa),(Aa),(aa),(a.a),(A.a),(a.a),(aa).a,(aa).A,(aa).A,A.(aa),a.(aa),A.(aa),Aa.(aa),(aa).a,(aa).A,HG
843,(Aa),(aa),(Aa),(aa),(a.a),(A.a),(a.a),(aa).a,(aa).A,(aa).A,A.(aa),a.(aa),A.(aa),Aa.(aa),(aa).a,(aa).A,HG
844,(A),(aa),(aa),(aa),(a.a),(a.a),(a.a),(aa).a,(aa).A,(aa).A,A.(aa),a.(aa),A.(aa),Aa.(aa),(aa).a,(aa).A,HG
845,(A),(aa),(Aa),(aa),(a.a),(A.a),(aa).A,(aa).a,(aa).A,(aa).A,A.(aa),a.(aa),A.(aa),Aa.(aa),(aa).a,(aa).A,HG
846,(Aa),(aa),(Aa),(aa),(a.a),(A.a),(aa).A,(aa).a,(aa).A,(aa).A,A.(aa),a.(aa),A.(aa),Aa.(aa),(aa).a,(aa).A,HG
847,(A),(aa),(Aa),(aa),(a.a),A.(aa),(aa).A,(aa).a,(aa).A,(aa).A,A.(aa),a.(aa),A.(aa),Aa.(aa),(aa).a,(aa).A,HG
848,(A),(aa),(aa),(aa),(a.a),A.(aa),(aa).A,(aa).a,(aa).A,(aa).A,A.(aa),a.(aa),A.(aa),Aa.(aa),(aa).a,(aa).A,HG
849,(A),(aa),(Aa),(aa),(aa).a,A.(aa),(aa).A,(aa).a,(aa).A,(aa).A,A.(aa),a.(aa),A.(aa),Aa.(aa),(aa).a,(aa).A,HG
850,(A),(aa),(aa),(aa),(aa).a,A.(aa),(aa).A,(aa).a,(aa).A,(aa).A,A.(aa),a.(aa),A.(aa),Aa.(aa),(aa).a,(aa).A,HG
851,(A),(aa),(Aa),(aa),(a.a),(A.a),(A.a),(aa).a,(aa).A,(aa).A,A.(aa),a.(aa),A.(aa),Aa.(aa),(aa).a,(aa).A,HG
852,(A),(aa),(Aa),(aa),(a.a),(A.a),a.(A),(aa).a,(aa).A,(Aa).a,A.(aa),a.(aa),a.(Aa),(Aa).a,(aa).a,(aa).A,HG
853,(A),(aa),(Aa),(aa),(a.a),(A.a),(a.a),(aa).a,(aa).A,(Aa).a,A.(aa),a.(aa),a.(Aa),(Aa).a,(aa).a,(aa).A,HG
854,(A),(aa),(Aa),(aa),(a.a),(A.a),(aa).A,(aa).a,(aa).A,(Aa).a,A.(aa),a.(aa),a.(Aa),(Aa).a,(aa).a,(aa).A,HG
855,(A),(aa),(Aa),(aa),(a.a),(A.a),(A.a),(aa).a,(aa).A,(Aa).a,A.(aa),a.(aa),a.(Aa),(Aa).a,(aa).a,(aa).A,HG
856,(A),(a),(Aa),(aa),(a.a),(A.a),a.(A),(aa).a,(aa).A,(aa).A,A.(aa),a.(aa),A.(aa),(Aa).a,(aa).a,(aa).A,HG
857,(A),(A),(Aa),(aa),(a.a),(A.a),a.(A),(aa).a,(aa).A,(aa).A,A.(aa),a.(aa),A.(aa),(Aa).a,(aa).a,(aa).A,HG
858,(A),(aa),(Aa),(aa),(a.a),(A.a),a.(A),(aa).a,(aa).A,(aa).A,A.(aa),a.(aa),A.(aa),(Aa).a,(aa).a,(aa).A,HG
859,(A),(a),(Aa),(aa),(a.a),(A.a),(a.a),(aa).a,(aa).A,(aa).A,A.(aa),a.(aa),A.(aa),(Aa).a,(aa).a,(aa).A,HG
860,(A),(A),(Aa),(aa),(a.a),(A.a),(a.a),(aa).a,(aa).A,(aa).A,A.(aa),a.(aa),A.(aa),(Aa).a,(aa).a,(aa).A,HG
861,(A),(aa),(Aa),(aa),(a.a),(A.a),(a.a),(aa).a,(aa).A,(aa).A,A.(aa),a.(aa),A.(aa),(Aa).a,(aa).a,(aa).A,HG
862,(Aa),(aa),(Aa),(aa),(a.a),(A.a),(a.a),(aa).a,(aa).A,(aa).A,A.(aa),a.(aa),A.(aa),(Aa).a,(aa).a,(aa).A,HG
863,(A),(aa),(Aa),(aa),(a.a),(A.a),(aa).A,(aa).a,(aa).A,(aa).A,A.(aa),a.(aa),A.(aa),(Aa).a,(aa).a,(aa).A,HG
864,(Aa),(aa),(Aa),(aa),(a.a),(A.a),(aa).A,(aa).a,(aa).A,(aa).A,A.(aa),a.(aa),A.(aa),(Aa).a,(aa).a,(aa).A,HG
865,(A),(aa),(Aa),(aa),(a.a),(A.a),(A.a),(aa).a,(aa).A,(aa).A,A.(aa),a.(aa),A.(aa),(Aa).a,(aa).a,(aa).A,HG
866,(A),(A),(A),(aa),(a.a),(A).a,a.(A),(aa).a,(aa).A,(A).a,(A).a,a.(aa),a.(A),(A).a,(aa).a,(aa).A,HG
867,(A),(A),(A),(aa),(A).a,(A).a,a.(A),(aa).a,(aa).A,(A).a,(A).a,a.(aa),a.(A),(A).a,(aa).a,(aa).A,HG
868,(A),(aa),(aa),(aa),(a.a),(a.a),(a.a),(aa).a,(aa).A,(aa).a,A.(aa),a.(aa),a.(aa),(aa).a,(aa).a,(aa).A,HG
869,(A),(aa),(aa),(aa),(a.a),(a.a),(a.a),(aa).a,(aa).A,(aa).A,A.(aa),a.(aa),A.(aa),(aa).a,(aa).a,(aa).A,HG
870,(A),(A),(A),(aa),(a.a),(A).a,a.(A),(aa).a,aa.(A),(A).a,(A).aa,a.(aa),a.(A),(A).aa,(aa).aa,aa.(A),HG
871,(A),(A),(A),(aa),(A).a,(A).a,a.(A),(aa).a,aa.(A),(A).a,(A).aa,a.(aa),a.(A),(A).aa,(aa).aa,aa.(A),HG
872,(A),(A),(A),(aa),(A).a,(A).a,a.(A),aa.(A),aa.(A),(A).a,(A).aa,(A).aa,a.(A),(A).aa,(aa).aa,aa.(A),HG
873,(A),(A),(A),(aa),(a.a),(A).a,a.(A),(aa).a,aa.(A),aa.(A),(A).aa,a.(aa),(A).aa,(A).aa,(aa).aa,aa.(A),HG
874,(A),(A),(A),(aa),(A).a,(A).a,a.(A),(aa).a,aa.(A),aa.(A),(A).aa,a.(aa),(A).aa,(A).aa,(aa).aa,aa.(A),HG
875,(A),(A),(A),(aa),(A).a,(A).a,a.(A),aa.(A),aa.(A),aa.(A),(A).aa,(A).aa,(A).aa,(A).aa,(aa).aa,aa.(A),HG
876,(A),(A),(A),(aa),(a.a),(A).a,a.(A),(aa).a,aa.(A),(A).a,(A).a,a.(aa),a.(A),(A).a,(aa).a,aa.(A),HG
877,(A),(A),(A),(aa),(A).a,(A).a,a.(A),(aa).a,aa.(A),(A).a,(A).a,a.(aa),a.(A),(A).a,(aa).a,aa.(A),HG